"rank","player_name","profile_name","profile_url","profile_state","article_position","article_school","article_state","article_notes","high_school","height","weight","grad_year","sixty_time","max_exit_velocity","max_bat_speed","infield_velocity","outfield_velocity","catcher_velocity","max_hand_speed","commitment","age","bats","throws","travel_team","fastball_velocity","curveball_velocity","slider_velocity","changeup_velocity","fastball_spin_rate","pop_time","scrape_error","home_to_first"
"1","Roch Cholowsky","Roch Cholowsky","https://www.prepbaseballreport.com/profiles/AZ/Roch-Cholowsky-8192345607-7562419038","AZ","SS","UCLA","","+ Outside of SS Roch Cholowsky (UCLA) being the presumptive first overall pick, this draft feels like it is still, very much, in flux. There are a number of different directions that clubs can go in, and the buzz from different pockets of the country is likely to come in waves as the season rolls on. Constant evaluations and affirmations will need to be made right up until draft night from each scouting department.","UCLA","6' 2""","190","2023","6.94","96.1","83.9","81","78","5","22.0","","","","","","","","","","","","",""
"2","Justin Lebron","Justin Lebron","https://www.prepbaseballreport.com/profiles/FL/Justin-Lebron-7526348901","FL","SS","Alabama","","","Archbishop McCarthy (HS) / FL","6' 1""","180","2023","","","","","","","","(6/01/23) Videos This Area is only available to Prep Baseball Plus subscribers. Login Subscribe News Contact Best Of Stats","21yr 6mo","R","R","East Coast Sox 17U National","","","","","","","",""
"3","Jacob Lombard","Jacob Lombard","https://www.prepbaseballreport.com/profiles/FL/Jacob-Lombard-9870514326-8534129670","FL","SS","Gulliver Prep HS (FL)","FL","","Gulliver Prep (HS) / FL","6' 2""","192.9","2026","","106.8","81.9","77","","","22.4","(11/05/25) Videos This Area is only available to Prep Baseball Plus subscribers. Login Subscribe Best of Snapshot Physical","18yr 7mo","R","R","San Diego Padres Scout Team","","","","","","","",""
"4","Tyler Spangler","Tyler Spangler","https://www.prepbaseballreport.com/profiles/CA/Tyler-Spanger-3849051267","CA","SS","De La Salle HS (CA)","CA","","De La Salle (HS) / CA","6' 3""","190","2026","7.25","94.8","","80","","","","","18yr 7mo","L","R","EJ Warriors","","","","","","","",""
"5","Carson Bolemon","Carson Bolemon","https://www.prepbaseballreport.com/profiles/SC/Carson-Bolemon-4876309521","SC","LHP","Southside Christian (SC)","SC","","Southside Christian (HS) / SC","6' 2""","209.4","2026","","","","","","","","","19yr 1mo","R","L","Canes National","95","81-82","83-84","89-89","2510","","",""
"6","Gio Rojas","Gio Rojas","https://www.prepbaseballreport.com/profiles/FL/Gio-Rojas-9816524073-8916320547","FL","LHP","Stoneman Douglas (FL)","FL","","Stoneman Douglas (HS) / FL","6' 3""","180.6","2026","6.87","","","","","","","(8/06/24) Videos This Area is only available to Prep Baseball Plus subscribers. Login Subscribe Best of Snapshot Physical","18yr 10mo","R","L","USA Prime/Aces National","98","76-80","82-86","82-84","2658","","",""
"7","Grady Emerson","Grady Emerson","https://www.prepbaseballreport.com/profiles/TX/Grady-Emerson-1234685970","TX","SS","Fort Worth Christian HS (TX)","TX","","Fort Worth Christian (HS) / TX","6' 1""","175.3","2026","7.00","102.4","83.4","90","","","24.1","s Advanced Search Contact Contact PBR Texas Staff Directory Internships Texas State Games 2025 (Upperclass) 2025 (Underclass) 2024 (Upperclass) 2024 (Underclass) 2023 2022 Shop CLASS OF 2026 SS 2B","18yr 3mo","L","R","Canes National","90","76 - 76","","","","","",""
"8","Coleman Borthwick","Coleman Borthwick","https://www.prepbaseballreport.com/profiles/FL/Coleman-Borthwick-8764529310","FL","RHP/3B","South Walton HS (FL)","FL","+ RHP Coleman Borthwick (South Walton HS, FL) has separated himself as the premier right-hander in the class thanks to explosive stuff, incessant strike-throwing ability, and of course, his massive 6-foot-6, 245-pound frame. Both RHP Cole Koeninger (Keller HS, TX) and RHP Kaden Waechter (Jesuit HS, FL) also hold intrinsic top end value and should see a steady rise throughout the spring. But there are only so many picks in the first round, and with this year?s crop of prep right-handers, clubs further down the board are likely to be salivating over the talent pool. The separation from ranks Nos. 4 through 40 amongst the group does not feel all that significant, and even if a large number sign contracts in July, it feels almost a certainty that college baseball will be receiving an influx of elite arms next year.","South Walton (HS) / FL","6' 6""","254","2026","7.09","107.0","80.7","92","5","","25.1","(6/11/24) Videos This Area is only available to Prep Baseball Plus subscribers. Login Subscribe Best of Snapshot Physical","18yr 1mo","R","R","Aces National","98","80-83","84-87","85-87","2661","17","",""
"9","Logan Schmidt","Logan Schmidt","https://www.prepbaseballreport.com/profiles/CA/Logan--Schmidt--7648315092","CA","LHP","Ganesha HS (CA)","CA","","Ganesha (HS) / CA","6' 4""","220","2026","7.87","84","","82","3","","","(8/28/25) Videos This Area is only available to Prep Baseball Plus subscribers. Login Subscribe Best of Snapshot","17yr 9mo","L","L","BPA","96","76-78","63-66","78-81","2132","202","",""
"10","Ace Reese","Ace Reese","https://www.prepbaseballreport.com/profiles/TX/ace-Reese-9825436710","TX","3B","Mississippi State","","","Canton (HS) / TX","6' 2""","210","2023","7.28","95.1","78.1","79","85","","24.6","(6/07/24) Houston (6/01/23) Videos This Area is only available to Prep Baseball Plus subscribers. Login Subscribe Best of Snapshot","21yr 1mo","L","R","5 Star Performance","","","","","","","",""
"11","Caden Sorrell","Caden Sorrell","https://www.prepbaseballreport.com/profiles/TX/Caden-Sorrell-8071456239","TX","OF","Texas A&M","","","Texas A&M","6' 4""","205","2023","6.46","101","79.9","95","95","","25.5","Texas A&M (6/01/23) Videos This Area is only available to Prep Baseball Plus subscribers. Login Subscribe Best of Snapshot","21yr 2mo","L","L","UBC","87.2","70.9-73.8","73 - 74.6","76.5-77.9","2037","","",""
"12","Jackson Flora","Jackson Flora","https://www.prepbaseballreport.com/profiles/CA/Jackson-Flora-4902738615-3980764251","CA","RHP","UC Santa Barbara","","","Foothill (HS) / CA","6' 5""","200","2023","","","","","","","","","","","","NorCal","93","72-74","76-79","81-82","","","",""
"13","Eric Booth Jr.","Eric EJ Booth Jr.","https://www.prepbaseballreport.com/profiles/MS/Eric-Booth-Jr.--9318452076","MS","OF","Oak Grove HS (MS)","MS","+ OF Eric Booth Jr. (Oak Grove HS, MS) was a sleeper first-rounder coming out of the summer, but has asserted himself as a must-have talent for MLB clubs thanks to an enticing upside of athleticism that pairs well next to a polished hitting approach. The plus-runner who routinely barrels triple-digit exit velocities, Booth is a sneaky top-10 pick whose continued spring success will only serve to mitigate risk. His chief competition as the top high school outfielder stands to be OF Blake Bowen (JSerra Catholic HS, CA) who has only gotten better with each look. Always an athletic outlier with impressive impact and acceleration at 6-foot-2, 215-pounds, his ability to polish the hit-tool, especially with contact rates, is what has boosted his stock into strong first round potential.","Oak Grove (HS) / MS","5' 11""","218.7","2026","6.25","105.0","89.8","85","85","","24.6","Vanderbilt (12/13/24) Videos This Area is only available to Prep Baseball Plus subscribers. Login Subscribe Best of Snapshot Physical","17yr 10mo","L","L","EBC","","","","","","","",""
"14","James Clark","James Clark","https://www.prepbaseballreport.com/profiles/CA/James-Clark-3201879546","CA","SS","St. John Bosco HS (CA)","CA","+ The steady climb and sleeper status of SS James Clark (St. John Bosco HS, CA) can no longer be hidden as the ultra-talented, 6-foot-1, 195-pound shortstop continues to leave no doubt as to his status as a premier position player in the class. A consummate performer whose swing decisions and pitch recognition from the left side stand out as advanced, he is sure-handed, and the helium that has risen since last June still carries a path to a top-10 selection in July.","St. John Bosco (HS) / CA","6' 1""","195","2026","7.46","84.0","64.9","77","","","20.8","(2/25/26) Videos This Area is only available to Prep Baseball Plus subscribers. Login Subscribe Best of Snapshot","18yr 8mo","L","R","Stacked","","","","","","","",""
"15","Vahn Lackey","Vahn Lackey","https://www.prepbaseballreport.com/profiles/GA/Vahn-Lackey-7650189432-3742891605","GA","C","Georgia Tech","","","Collins Hill (HS) / GA","6' 2""","205","2023","","","","","","","","","","","","","","","","","","","",""
"16","Sawyer Strosnider","Sawyer Strosnider","https://www.prepbaseballreport.com/profiles/TX/Sawyer-Strosnider-8541920367","TX","OF","TCU","","","TCU","6' 2""","185","2024","6.58","102.8","86.4","95","95","","24.3","TCU (6/01/24) Videos This Area is only available to Prep Baseball Plus subscribers. Login Subscribe Best of Snapshot","20yr 10mo","L","L","Dallas Tigers Bergman","93","79.8-81.5","77.1 - 78.2","82.8","2176","","",""
"17","Drew Burress","Drew Burress","https://www.prepbaseballreport.com/profiles/GA/Drew-Burress-9401387652-3278149065","GA","OF","Georgia Tech","","","Houston County (HS) / GA","5' 9""","190","2023","","101","79.0","7","99","","24.7","(6/01/23) Videos This Area is only available to Prep Baseball Plus subscribers. Login Subscribe Best of Snapshot","","","","5 Star National","","","","","","","",""
"18","AJ Gracia","AJ Gracia","https://www.prepbaseballreport.com/profiles/NJ/AJ-Gracia-2897561430","NJ","OF","Virginia","","","Ranney School (HS) / NJ","6' 3""","205","2023","7.56","77","","83","83","","","(6/02/25) (6/01/23) Videos This Area is only available to Prep Baseball Plus subscribers. Login Subscribe Best of Snapshot","21yr 6mo","L","L","Tri State Arsenal National","83","68 - 71","","72 - 73","","","",""
"19","Cole Koeninger","Cole Koeninger","https://www.prepbaseballreport.com/profiles/TX/Cole-Koeninger-6370541298","TX","RHP/SS","Keller HS (TX)","TX","+ RHP Coleman Borthwick (South Walton HS, FL) has separated himself as the premier right-hander in the class thanks to explosive stuff, incessant strike-throwing ability, and of course, his massive 6-foot-6, 245-pound frame. Both RHP Cole Koeninger (Keller HS, TX) and RHP Kaden Waechter (Jesuit HS, FL) also hold intrinsic top end value and should see a steady rise throughout the spring. But there are only so many picks in the first round, and with this year?s crop of prep right-handers, clubs further down the board are likely to be salivating over the talent pool. The separation from ranks Nos. 4 through 40 amongst the group does not feel all that significant, and even if a large number sign contracts in July, it feels almost a certainty that college baseball will be receiving an influx of elite arms next year.","Keller (HS) / TX","6' 2""","214.3","2026","6.50","103.7","81.1","92","","","24.0","Tennessee (11/01/24) Videos This Area is only available to Prep Baseball Plus subscribers. Login Subscribe Best of Snapshot Physical","18yr 9mo","R","R","Stix 2026 Scout","98","81.6-82.5","79.8 - 81.3","82.9-85.4","2361","","",""
"20","Cameron Flukey","Cameron Flukey","https://www.prepbaseballreport.com/profiles/NJ/Cameron-Flukey-5310269748-7841352609","NJ","RHP","Coastal Carolina","","","Coastal Carolina","6' 5""","210","2023","","","","","","","","","","","","","97","","78-79","","","","",""
"21","Beau Peterson","Beau Peterson","https://www.prepbaseballreport.com/profiles/KS/Beau-Peterson-6092148753-6803591274","KS","3B","Mill Valley HS (KS)","KS","","Mill Valley (HS) / KS","6' 2""","206","2026","6.71","107.8","85.0","96","2","","24.6","Texas (10/07/24) Videos This Area is only available to Prep Baseball Plus subscribers. Login Subscribe Best of Snapshot Physical","18yr 9mo","L","R","Canes National","94.4","77-79","80-84","83-85","2517","","",""
"22","Jared Grindlinger","Jared Grindlinger","https://www.prepbaseballreport.com/profiles/CA/Jared-Grindlinger","CA","LHP","Huntington Beach HS (CA)","CA","+ The biggest news of the early spring season came when the No. 1-ranked player in the 2027 class, LHP Jared Grindlinger (Huntington Beach HS, CA), announced that he would be jumping up a class and entering his name into the MLB Draft. The 6-foot-3, 180-pound Prep Baseball All-American boosts an already star-studded crop of southpaws that could potentially see, now, five selected in the first round. Featuring a mid-90s fastball and sharp feel for quality secondary stuff, Grindlinger brings an exciting upside on the mound that is amplified by his athleticism as a position player. Still uncommitted, college wise, the industry will get plenty of looks at the talented left-hander the rest of the spring as his Huntington Beach team will play in a plethora of primetime games.","Huntington Beach (HS) / CA","6' 3""","180","2026","","101.5","75.2","72","72","","24.0","Tennessee (4/03/26) Videos This Area is only available to Prep Baseball Plus subscribers. Login Subscribe Best of Snapshot Physical","17yr 1mo","L","L","TEAM ELITE Scout","95","","82-85","82-85","","202","",""
"23","Blake Bowen","Blake Bowen","https://www.prepbaseballreport.com/profiles/CA/Blake-Bowen-7984256031","CA","OF","JSerra Catholic HS (CA)","CA","+ OF Eric Booth Jr. (Oak Grove HS, MS) was a sleeper first-rounder coming out of the summer, but has asserted himself as a must-have talent for MLB clubs thanks to an enticing upside of athleticism that pairs well next to a polished hitting approach. The plus-runner who routinely barrels triple-digit exit velocities, Booth is a sneaky top-10 pick whose continued spring success will only serve to mitigate risk. His chief competition as the top high school outfielder stands to be OF Blake Bowen (JSerra Catholic HS, CA) who has only gotten better with each look. Always an athletic outlier with impressive impact and acceleration at 6-foot-2, 215-pounds, his ability to polish the hit-tool, especially with contact rates, is what has boosted his stock into strong first round potential.","JSerra Catholic (HS) / CA","6' 2""","216","2026","6.40","107.4","89.6","95","95","","26.4","(5/22/24) Videos This Area is only available to Prep Baseball Plus subscribers. Login Subscribe Best of Snapshot Physical","17yr 5mo","R","R","Canes West","","","","","","202","",""
"24","Tyler Bell","Tyler Bell","https://www.prepbaseballreport.com/profiles/WI/Tyler-Bell-2437861905","WI","SS","Kentucky","","","Pewaukee (HS) / WI","5' 11""","150","2022","7.82","85","66.4","79","","","24.1","request. Login Videos This Area is only available to Prep Baseball Plus subscribers. Login Subscribe Best of Snapshot","22yr 11mo","R","R","Milwaukee Halos","","","","","","","",""
"25","Kaden Waechter","Kaden Waechter","https://www.prepbaseballreport.com/profiles/FL/Kaden-Waechter-4296873150","FL","RHP","Jesuit HS (FL)","FL","+ RHP Coleman Borthwick (South Walton HS, FL) has separated himself as the premier right-hander in the class thanks to explosive stuff, incessant strike-throwing ability, and of course, his massive 6-foot-6, 245-pound frame. Both RHP Cole Koeninger (Keller HS, TX) and RHP Kaden Waechter (Jesuit HS, FL) also hold intrinsic top end value and should see a steady rise throughout the spring. But there are only so many picks in the first round, and with this year?s crop of prep right-handers, clubs further down the board are likely to be salivating over the talent pool. The separation from ranks Nos. 4 through 40 amongst the group does not feel all that significant, and even if a large number sign contracts in July, it feels almost a certainty that college baseball will be receiving an influx of elite arms next year.","Jesuit (HS) / FL","6' 3""","190","2026","6.78","101.2","75.0","89","1","","22.7","Florida State (12/30/24) Videos This Area is only available to Prep Baseball Plus subscribers. Login Subscribe Best of Snapshot Physical","18yr 9mo","R","R","Top Tier","96","85-87","86-88","87-87","2706","","",""
"26","Derek Curiel","Derek Curiel","https://www.prepbaseballreport.com/profiles/CA/Derek-Curiel-9473158062","CA","OF","LSU","","","Orange Lutheran (HS) / CA","6' 2""","180","2024","6.77","98.1","73.8","83","83","","22.4","(6/01/24) Videos This Area is only available to Prep Baseball Plus subscribers. Login Subscribe Best of Snapshot","20yr 11mo","L","L","USA Prime National 2024","","","","","","","",""
"27","Chris Rembert","","","","MIF","Auburn","","","","","","","","","","","","","","","","","","","","","","","","","No profile URL resolved.",""
"28","Ryder Helfrick","Ryder Helfrick","https://www.prepbaseballreport.com/profiles/CA/Ryder-Helfrick-8964132750-6805423971","CA","C","Arkansas","","","Arkansas","6' 1""","210","2023","","101.1","75.3","","82","82","24.4","","21yr 3mo","R","R","Alpha Prime 2023","","","","","","82","",""
"29","Chris Hacopian","","","","2B","Texas A&M","","","","","","","","","","","","","","","","","","","","","","","","","No profile URL resolved.",""
"30","Brady Harris","Brady Harris","https://www.prepbaseballreport.com/profiles/FL/Brady-Harris-1904536728","FL","OF","Trinity Christian HS (FL)","FL","","Trinity Christian Academy (HS) / FL","6' 0""","179.9","2026","6.52","103.3","79.8","4","92","","26.0","Florida (6/24/24) Videos This Area is only available to Prep Baseball Plus subscribers. Login Subscribe Best of Snapshot Physical","18yr 4mo","R","R","2026 MBA Scout Team","","","","","","202","",""
"31","Sean Dunlap","Sean Dunlap","https://www.prepbaseballreport.com/profiles/IN/Sean-Dunlap-6194328570","IN","C","Crown Point HS (IN)","IN","","Crown Point (HS) / IN","6' 3""","203.7","2026","6.50","109.8","88.9","","85","85","27.0","Tennessee (11/08/24) Videos This Area is only available to Prep Baseball Plus subscribers. Login Subscribe Best of Snapshot Physical","18yr 1mo","R","R","5 Star Great Lakes National 2026 Scout","","","","","","85","",""
"32","Will Brick","Will Brick","https://www.prepbaseballreport.com/profiles/TN/William--Brick-1708653249","TN","C","Christian Brothers HS (TN)","TN","","Christian Brothers (HS) / TN","6' 0""","198.6","2026","7.26","109.0","86.8","90","6","83","24.7","(10/27/25) Videos This Area is only available to Prep Baseball Plus subscribers. Login Subscribe Best of Snapshot Physical","17yr 11mo","R","R","EBC Griggs 15u","","","","","","83","",""
"33","Gabe Gaeckle","Gabe Gaeckle","https://www.prepbaseballreport.com/profiles/CA/Gabe-Gaeckle-5941830762-1430785926","CA","RHP","Arkansas","","","Arkansas","6' 0""","210","2023","","","","","","","","","21yr 7mo","R","R","Alpha Prime","94","78-81","","83-84","","","",""
"34","Liam Peterson","Liam Peterson","https://www.prepbaseballreport.com/profiles/FL/Liam-Peterson-5469087123","FL","RHP","Florida","","","Florida","6' 5""","235","2023","","","","12","","","","Florida (6/01/23) Videos This Area is only available to Prep Baseball Plus subscribers. Login Subscribe Best of Snapshot","20yr 11mo","R","R","Top tier roos 2023","94","76-79","","83-85","2408","","",""
"35","Trevor Condon","Trevor Condon","https://www.prepbaseballreport.com/profiles/GA/Trevor-Condon-0712694358","GA","OF","Etowah HS (GA)","GA","","Etowah (HS) / GA","5' 9""","175.5","2026","6.66","106.2","81.3","95","95","","22.4","Tennessee (9/10/24) Videos This Area is only available to Prep Baseball Plus subscribers. Login Subscribe Best of Snapshot Physical","18yr 4mo","L","R","2026 Aces National","81.9","69 - 70","71.5 - 72.9","75.4 - 77.7","","","",""
"36","Sean Duncan","Sean Duncan","https://www.prepbaseballreport.com/profiles/BC/Sean-Duncan-4725809136-4903671258","BC","LHP","Port Coquitlam HS (BC)","BC","","Port Coquitlam (HS) / BC","6' 3""","180","2026","","","","","","","","Vanderbilt (10/09/24) Videos This Area is only available to Prep Baseball Plus subscribers. Login Subscribe Best of Snapshot Pitching Velos News Comments Contact Best Of Stats Fastball 87 Velocity (max) 5/01/23 84 - 87 Velo Range 5/01/23 - Spin Rate (avg) Changeup 71 - 73 Velo Range 5/01/23 - Spin Rate (avg) Curveball 69 - 71 Velo Range 5/01/23 - Spin Rate (avg)","","","","Langley Blaze","93","76-77","","71-73","","","",""
"37","Carson Bailey","Carson Bailey","https://www.prepbaseballreport.com/profiles/TX/Carson-Bailey","TX","LHP","McLennan JC (TX)","TX","","McLennan CC","6' 3""","215","2024","","","","","","","","McLennan CC (7/01/25) Baylor (11/15/23) Videos This Area is only available to Prep Baseball Plus subscribers. Login Subscribe News Contact Best Of Stats 2025 McLennan CC Scout Day Sep 18, 2025","","","","","93","","","","","","",""
"38","Matt Ponatoski","Matt Ponatoski","https://www.prepbaseballreport.com/profiles/OH/Matt-Ponatoski-8541763209","OH","RHP/SS","Archbishop Moeller HS (OH)","OH","","Archbishop Moeller (HS) / OH","6' 2""","195.8","2026","6.90","100.3","78.4","96","","","24.6","Kentucky (7/06/25) Videos This Area is only available to Prep Baseball Plus subscribers. Login Subscribe Best of Snapshot Physical","18yr 2mo","L","R","Wow Factor","97","80-82","79-80","83-85","","","",""
"39","Aiden Ruiz","Aiden Ruiz","https://www.prepbaseballreport.com/profiles/NY/Aiden-Ruiz-5984270316","NY","SS","Stony Brook HS (NY)","NY","","The Stony Brook (HS) / NY","5' 10""","160","2026","6.97","92.3","71.5","83","","","22.7","Vanderbilt (10/06/24) Videos This Area is only available to Prep Baseball Plus subscribers. Login Subscribe Best of Snapshot","19yr 1mo","S","R","Team Elite","","","","","","","",""
"40","Landon Thome","Landon Thome","https://www.prepbaseballreport.com/profiles/IL/Landon-Thome-6238519074","IL","UTL","Nazareth Academy HS (IL)","IL","","Nazareth Academy (HS) / IL","6' 1""","180.1","2026","6.82","99.1","78.6","85","","","24.0","Florida State (12/02/25) Videos This Area is only available to Prep Baseball Plus subscribers. Login Subscribe Best of Snapshot Physical","18yr 6mo","L","R","East Cobb Astros 17u","","","","","","","",""
"41","Henry Ford","Henry Ford","https://www.prepbaseballreport.com/profiles/VA/Henry-Ford-2931768405-8439765120","VA","3B/OF","Tennessee","","","Tennessee","6' 2""","205","2023","","","","","","","","","","","","Stars Baseball","88","71 - 73","","","","","",""
"42","Jarren Advincula","Jarren Advincula","https://www.prepbaseballreport.com/profiles/CA/Jarren-Advincula-7386190425-6897410532","CA","2B","Georgia Tech","","","Archbishop Mitty (HS) / CA","6' 0""","185","2023","6.71","96.4","76.5","87","","","24.6","(6/15/25) (6/01/23) Videos This Area is only available to Prep Baseball Plus subscribers. Login Subscribe Best of Snapshot","21yr 4mo","L","R","California Club Baseball","","","","","","","",""
"43","Matthew Sharman","Matthew Sharman","https://www.prepbaseballreport.com/profiles/GA/Matthew-Sharman-2397085614","GA","RHP","Etowah HS (GA)","GA","","Etowah (HS) / GA","6' 4""","218","2026","7.52","92.7","","78","","","","(6/10/24) Videos This Area is only available to Prep Baseball Plus subscribers. Login Subscribe Best of Snapshot Physical","18yr 7mo","R","R","Canes National/ NY METS Scout","95","77-78","80 - 82.6","80.6-83.0","2663","","",""
"44","Blake Bryant","Blake Bryant","https://www.prepbaseballreport.com/profiles/GA/Blake-Bryant-2048953617","GA","RHP","Citizens Christian HS (GA)","GA","","Citizens Christian Academy (HS) / GA","6' 3""","182.3","2026","7.17","","","","","","","(10/12/23) Videos This Area is only available to Prep Baseball Plus subscribers. Login Subscribe Best of Snapshot Physical TrackMan Pitching Pitching Velos VALD News Comments Contact Best Of Stats Fastball 95 Velocity (max) 7/16/25 90 - 95 Velo Range 7/16/25 2260 Spin Rate (avg) 9/18/25 Changeup 83 - 88 Velo Range 7/16/25 2322 Spin Rate (avg) 9/18/25 Curveball 77 - 80 Velo Range 6/06/24 2508 Spin Rate (avg) 9/18/25 Slider 76 - 83 Velo Range 7/16/25 2517 Spin Rate (avg) 9/18/25 7.17 60-yd 9/18/25 4.09 30-yd 9/18/25 1.93 10-yd 9/18/25 20.1 Run speed (max) 9/18/25 2025 Prep Baseball All-American Game Sep 18, 2025 17U National Championship Jul 16, 2025 National Program Invitational (NPI) Jun 5, 2025 Prep Baseball Showdown May 30, 2025 State Games of Georgia May 24, 2025 Prep Baseball Fall Classic Oct 11, 2024 Upperclass Fall World Series Sep 27, 2024 National Program Invitational (NPI) Jun 6, 2024 State Games of Georgia May 25, 2024 PBR Fall Classic Oct 13, 2023 Upperclass Fall World Series Sep 29, 2023 PBR Cup Sep 15, 2023 PBR Fall Open Sep 8, 2023 16U National Championship Jun 22, 2023 South Carolina Summer Championships Jun 8, 2023 PBR Showdown at LakePoint Jun 1, 2023 State Games of Georgia May 27, 2023 Underclass Fall World Series Oct 7, 2022","18yr 8mo","R","R","Carolina Prime","96","77-80","76-83","83-88","2366","","",""
"45","Jensen Hirschkorn","Jensen Hirschkorn","https://www.prepbaseballreport.com/profiles/CA/Jensen-Hirschkorn-6279135480-6738025149","CA","RHP","Kingsburg HS (CA)","CA","","Kingsburg (HS) / CA","6' 7""","205","2026","","","","","","","","(10/31/25) Videos This Area is only available to Prep Baseball Plus subscribers. Login Subscribe Best of Snapshot TrackMan Pitching Pitching Velos News Comments Contact Best Of Stats Fastball 92 Velocity (max) 7/24/24 87 - 91 Velo Range 7/25/24 1896 Spin Rate (avg) 7/24/24 Changeup 78 - 79 Velo Range 7/24/24 1723 Spin Rate (avg) 7/24/24 Curveball 74 - 77 Velo Range 7/25/24 1816 Spin Rate (avg) 7/24/24 Future Games (Class of 2026/27) Jul 24, 2024 ACG Underclass Tryout (NorCal) Jun 13, 2023","18yr 5mo","L","R","NorCalU","92","74-77","","79-79","2128","","",""
"46","Archer Horn","Archer Horn","https://www.prepbaseballreport.com/profiles/CA/Archer-Horn-4019528673-6409832175","CA","SS","St. Ignatius HS (CA)","CA","","St. Ignatius Prep (HS) / CA","6' 2""","195","2026","","","","","","","","(8/15/24) Videos This Area is only available to Prep Baseball Plus subscribers. Login Subscribe News Comments Contact Best Of Stats California Summer Championships Jul 20, 2023 Arizona Summer Championships Jul 6, 2023","18yr 3mo","L","R","Alpha Prime","","","","","","","",""
"47","Joseph Contreras","Joseph Contreras","https://www.prepbaseballreport.com/profiles/GA/Joseph--Contreras-0358267941","GA","RHP","Blessed Trinity HS (GA)","GA","","Blessed Trinity Catholic (HS) / GA","6' 4""","200","2026","","","","","","","","","","","","Prostock","98","68-71","87-90","82-83","","","",""
"48","Zion Rose","Zion Rose","https://www.prepbaseballreport.com/profiles/FL/Zion-Rose-5092814736","FL","OF","Louisville","","","Louisville","6' 1""","205","2023","7.11","100.4","","3","73","3","","Louisville (6/01/23) Videos This Area is only available to Prep Baseball Plus subscribers. Login Subscribe Best of Snapshot","20yr 11mo","R","R","Chitown cream","78","62 - 65","","57 - 61","","3","",""
"49","Will Gasparino","Will Gasparino","https://www.prepbaseballreport.com/profiles/CA/Will-Gasparino-3691072458","CA","OF","UCLA","","","UCLA","6' 5""","210","2023","6.77","94.9","79.3","83","83","","27.0","UCLA (6/07/25) Texas (6/01/23) Videos This Area is only available to Prep Baseball Plus subscribers. Login Subscribe Best of Snapshot","21yr 5mo","R","R","Legacy / Louisiana Knights","84","66-69","","71-74","","","",""
"50","Aiden Robbins","Aiden Robbins","https://www.prepbaseballreport.com/profiles/PA/Aiden-Robbins-4951382607","PA","OF","Texas","","","Texas","6' 1""","205","2023","6.88","98","70.6","86","86","","21.4","Texas (6/05/25) (6/01/23) Videos This Area is only available to Prep Baseball Plus subscribers. Login Subscribe Best of Snapshot","21yr 4mo","R","R","Adrenaline","","","","","","202","",""
"51","Joey Volchko","Joey Volchko","https://www.prepbaseballreport.com/profiles/CA/Joey-Volchko-1420973856-7519068324","CA","RHP","Georgia","","","Redwood (HS) / CA","6' 4""","215","2023","","","","","","","","(6/14/25) (6/01/23) Videos This Area is only available to Prep Baseball Plus subscribers. Login Subscribe Best of Snapshot TrackMan Pitching Pitching Velos News Comments Contact Best Of Stats Fastball 92 Velocity (max) 9/25/22 90 - 92 Velo Range 9/25/22 - Spin Rate (avg) Changeup 78 - 79 Velo Range 6/15/21 - Spin Rate (avg) Curveball 79 - 81 Velo Range 9/25/22 - Spin Rate (avg) Slider 82 - 84 Velo Range 9/25/22 - Spin Rate (avg) 2022 NorCal ProCase (INVITE ONLY) Jun 5, 2022 scout ball Oct 24, 2021","20yr 11mo","R","R","CBA Marlins","93.5","79-81","82-84","78-79","2473","","",""
"52","Teagen Kuhns","","","","RHP","Tennessee","","","","","","","","","","","","","","","","","","","","","","","","","No profile URL resolved.",""
"53","Jason DeCaro","Jason DeCaro","https://www.prepbaseballreport.com/profiles/NY/Jason-DeCaro-1639048752","NY","RHP","North Carolina","","","North Carolina","6' 5""","225","2023","7.48","96.9","77.0","89","","","23.4","North Carolina (6/01/23) Videos This Area is only available to Prep Baseball Plus subscribers. Login Subscribe Best of Snapshot","20yr 1mo","R","R","Team Francisco Notorious 9","93","73-74","78-80","82-84","2414","202","",""
"54","Daniel Cuvet","Daniel Cuvet","https://www.prepbaseballreport.com/profiles/FL/Daniel-Cuvet-1092673548-6057138429","FL","3B","Miami","","","ESB Academy (HS) / FL","6' 4""","220","2023","","105.6","","","","","","","","","","","","","","","","","",""
"55","Alex Hernandez","Alex Hernandez","https://www.prepbaseballreport.com/profiles/MA/alex-hernandez","MA","OF","Georgia Tech","","","Boston College (HS) / MA","6' 3""","215","2026","6.89","95.6","79.0","78","78","","23.7","Roger Williams (10/04/25) Videos This Area is only available to Prep Baseball Plus subscribers. Login Subscribe Best of Snapshot","18yr 1mo","R","R","US 9 Prospects","","","","","","","",""
"56","Eric Becker","Eric Becker","https://www.prepbaseballreport.com/profiles/NJ/Eric-Becker-8534097126","NJ","SS","Virginia","","","Don Bosco Prep (HS) / NJ","6' 2""","185","2023","7.21","84","","76","","","","(11/14/20) Videos This Area is only available to Prep Baseball Plus subscribers. Login Subscribe Best of Snapshot","","","","Northeast Supreme","","","","","","202","",""
"57","Rookie Shepard","Rookie Shepard","https://www.prepbaseballreport.com/profiles/NV/Rookie-Shepard-0239458716","NV","SS","Faith Lutheran HS (NV)","NV","","Faith Lutheran (HS) / NV","6' 1""","191.4","2026","6.58","101.3","70.6","88","80","4","22.6","(8/13/24) Videos This Area is only available to Prep Baseball Plus subscribers. Login Subscribe Best of Snapshot Physical","18yr 5mo","L","R","MLB Breakthrough","","","","","","4","",""
"58","Cole Carlon","Cole Carlon","https://www.prepbaseballreport.com/profiles/AZ/Cole-Carlon-8065394217","AZ","LHP","Arizona State","","","Arizona State","6' 5""","230","2023","","","","6","","","","Arizona State (6/01/23) Videos This Area is only available to Prep Baseball Plus subscribers. Login Subscribe Best of Snapshot","","","","Canyon Thunder 2023","87","","63 - 65","71-75","2510","","",""
"59","Noah Wilson","Noah Wilson","https://www.prepbaseballreport.com/profiles/TN/Noah-Wilson-6517904823","TN","OF","McCallie HS (TN)","TN","","McCallie (HS) / TN","5' 11""","196.2","2026","6.44","105","81.3","84","84","","23.5","Vanderbilt (10/31/24) Videos This Area is only available to Prep Baseball Plus subscribers. Login Subscribe Best of Snapshot Physical","18yr 11mo","L","R","San Diego Padres Scout Team","77","59-66","","","","","",""
"60","James Tronstein","James Tronstein","https://www.prepbaseballreport.com/profiles/CA/James-Tronstein-3809157624","CA","OF","Harvard-Westlake HS (CA)","CA","","Harvard-Westlake (HS) / CA","5' 11""","175","2026","6.61","107","81.7","84","93","","25.0","Vanderbilt (10/15/25) Videos This Area is only available to Prep Baseball Plus subscribers. Login Subscribe Best of Snapshot Physical","18yr 2mo","R","R","Legacy Baseball Group Black","82","66 - 67","","","","","",""
"61","Anthony Murphy","Anthony Murphy","https://www.prepbaseballreport.com/profiles/CA/Anthony--Murphy-8013972645","CA","OF","Corona HS (CA)","CA","","Corona (HS) / CA","6' 0""","183","2026","6.68","101.0","72.8","94","94","","23.4","(11/13/24) Videos This Area is only available to Prep Baseball Plus subscribers. Login Subscribe Best of Snapshot Physical","19yr 1mo","R","R","MLB Breakthrough","91","58.2 - 61.1","76 - 78","65 - 68","","","",""
"62","Cooper Harris","Cooper Harris","https://www.prepbaseballreport.com/profiles/TX/cooper-harris1","TX","RHP","Flower Mound HS (TX)","TX","+ RHP Cooper Harris (Flower Mound HS, TX) + RHP Savion Sims (Prestonwood Christian HS, TX) + LHP Lucas Nawrocki (Aledo HS, TX) + RHP James Jorgensen (Jesuit HS, TX)","Flower Mound (HS) / TX","6' 2""","205.5","2026","","","","","","","","Texas (9/14/24) Videos This Area is only available to Prep Baseball Plus subscribers. Login Subscribe Best of Snapshot TrackMan Pitching Pitching Velos Swift Vizual Edge News Contact Best Of Stats Fastball 92.2 Velocity (max) 7/24/24 88.4 - 91.2 Velo Range 7/24/24 2341 Spin Rate (avg) 7/24/24 Curveball 75 - 77 Velo Range 7/25/24 2620 Spin Rate (avg) 7/24/24 Future Games Jul 23, 2026 Future Games (Class of 2026/27) Jul 24, 2024","17yr 11mo","R","R","Texas Elite","93","75-77","","","2448","","",""
"63","Taj Marchand","Taj Marchand","https://www.prepbaseballreport.com/profiles/SC/Taj-Marchand-2645817903","SC","SS","James Island HS (SC)","SC","","James Island (HS) / SC","6' 2""","200","2026","7.03","107.9","79.1","93","","","24.2","Mississippi (9/18/24) Videos This Area is only available to Prep Baseball Plus subscribers. Login Subscribe Best of Snapshot Physical","17yr 9mo","R","R","Aces National/Usa Prime","92","69-73","76-80","80-83","2652","","",""
"64","Dominic Santarelli","Dominic Santarelli","https://www.prepbaseballreport.com/profiles/WI/Dominic-Santarelli-0132768945","WI","1B/OF","St. Joseph HS (WI)","WI","","St Joseph Catholic (HS) / WI","6' 1""","224","2026","6.70","110.1","83.1","84","88","","27.4","(11/13/25) Videos This Area is only available to Prep Baseball Plus subscribers. Login Subscribe Best of Snapshot Physical","18yr 6mo","L","L","Hitters","78","64 - 65","","","","","",""
"65","Trey Ebel","Trey Ebel","https://www.prepbaseballreport.com/profiles/CA/Trey-Ebel-8320679145-5316204798","CA","SS","Corona HS (CA)","CA","","Corona (HS) / CA","6' 0""","185","2026","","","","","","","","Texas A&M (11/01/24) Videos This Area is only available to Prep Baseball Plus subscribers. Login Subscribe News Comments Contact Best Of Stats","17yr 7mo","R","R","ZT Cali","","","","","","","",""
"66","Connor Comeau","Connor Comeau","https://www.prepbaseballreport.com/profiles/TX/Connor-Comeau-3845762910","TX","SS","Anderson HS (TX)","TX","","Anderson (HS) / TX","6' 3""","160","2026","7.20","95.6","81.6","87","","","23.0","Texas A&M (12/04/24) Videos This Area is only available to Prep Baseball Plus subscribers. Login Subscribe Best of Snapshot","17yr 9mo","L","R","Canes Futures Scout 2026","87","73 - 75.2","73.4 - 76.1","80 - 82","","","",""
"67","Ethan Bass","Ethan Bass","https://www.prepbaseballreport.com/profiles/IL/Ethan-Bass-2304615897","IL","SS","Glenbrook North HS (IL)","IL","","Glenbrook North (HS) / IL","6' 1""","185","2026","6.87","101.3","81.2","90","","","28.4","Wake Forest (11/15/24) Videos This Area is only available to Prep Baseball Plus subscribers. Login Subscribe Best of Snapshot Physical","18yr 7mo","R","R","Top Tier Select","90","72-74","75-76","66.4-68.0","2596","","",""
"68","Rocco Maniscalco","Rocco Maniscalco","https://www.prepbaseballreport.com/profiles/AL/Rocco-Maniscalco-2089536147","AL","SS","Oxford HS (AL)","AL","","Oxford (HS) / AL","6' 2""","190","2026","6.70","100.4","75.4","92","79","79","25.8","(10/27/25) Videos This Area is only available to Prep Baseball Plus subscribers. Login Subscribe Best of Snapshot Physical","","","","Excel Blue Wave","","","","","","100.4","",""
"69","Kevin Roberts Jr.","","","","OF","Jackson Prep HS (MS)","MS","","","","","","","","","","","","","","","","","","","","","","","","No profile URL resolved.",""
"70","Jake Carbaugh","Jake Carbaugh","https://www.prepbaseballreport.com/profiles/FL/JAKE-CARBAUGH-4795621830","FL","RHP","Plant City HS (FL)","FL","","Plant City (HS) / FL","6' 5""","215","2026","","","","","","","","","17yr 11mo","R","R","FBH Angels","96","77-80","81-85","85-88","2428","","",""
"71","Savion Sims","Savion Sims","https://www.prepbaseballreport.com/profiles/OK/Savion-Sims-9054836271-5723108496","OK","RHP","Prestonwood Christian HS (TX)","TX","+ RHP Cooper Harris (Flower Mound HS, TX) + RHP Savion Sims (Prestonwood Christian HS, TX) + LHP Lucas Nawrocki (Aledo HS, TX) + RHP James Jorgensen (Jesuit HS, TX)","Prestonwood Christian Academy (HS) / TX","6' 8""","205","2026","","","","","","","","Oklahoma (8/14/24) Videos This Area is only available to Prep Baseball Plus subscribers. Login Subscribe Best of Snapshot Pitching Velos News Contact Best Of Stats Fastball 99 Velocity (max) 3/01/25 95 - 97 Velo Range 3/01/25 - Spin Rate (avg) Slider 86 - 87 Velo Range 3/01/25 - Spin Rate (avg) 2025 OSSAA Season Mar 1, 2025","18yr 11mo","R","R","","99","","86-87","","","","",""
"72","Hunter Dietz","Hunter Dietz","https://www.prepbaseballreport.com/profiles/FL/Hunter-Dietz-1754920386-3569782410","FL","LHP","Arkansas","","","Arkansas","6' 6""","235","2023","","","","","","","","Arkansas (6/01/23) Videos This Area is only available to Prep Baseball Plus subscribers. Login Subscribe Best of Snapshot TrackMan Pitching Pitch Scores Pitching Velos News Comments Contact Best Of Stats Fastball 93 Velocity (max) 6/10/22 90 - 93 Velo Range 6/10/22 2176 Spin Rate (avg) 10/16/21 Changeup 83 - 83.2 Velo Range 10/16/21 1935 Spin Rate (avg) 10/31/20 Curveball 76 - 79 Velo Range 4/06/22 2160 Spin Rate (avg) 10/31/20 Slider 76 - 81.5 Velo Range 10/16/21 2064 Spin Rate (avg) 10/16/21 NPI Jun 10, 2022 High School Apr 6, 2022 2021 Junior State Games Oct 16, 2021 Sophomore State Games Oct 31, 2020","21yr 2mo","R","R","Top Tier","93","76-79","76 - 81.5","83.0-83.2","2307","","",""
"73","Wes Mendes","Wes Mendes","https://www.prepbaseballreport.com/profiles/FL/Welsey-Mendes-0549673812","FL","LHP","Florida State","","","Mississippi","6' 1""","185","2023","6.67","98.4","80.6","91","91","","22.7","Mississippi (6/01/23) Videos This Area is only available to Prep Baseball Plus subscribers. Login Subscribe Best of Snapshot","21yr 7mo","R","L","Top Tier Americans 2023","92","75-76","78-80","83-84","2492","","",""
"74","Tyson Grulkowski","Tyson Grulkowski","https://www.prepbaseballreport.com/profiles/WI/Tyson-Grulkowski-0291576834","WI","RHP","Muskego HS (WI)","WI","","Muskego (HS) / WI","6' 5""","234","2026","","","","2","","","","(5/23/25) Videos This Area is only available to Prep Baseball Plus subscribers. Login Subscribe Best of Snapshot Physical","18yr 9mo","R","R","GRB - Stiks","94","77-78","81 - 82.3","85-86","2679","","",""
"75","John Stowers","John Stowers","https://www.prepbaseballreport.com/profiles/AL/John-Stowers-0952684137","AL","C","St. Paul's Episcopal HS (AL)","AL","","St. Paul's Episcopal (HS) / AL","5' 11""","204.6","2026","7.12","107.0","81.3","","81","81","25.9","(5/26/24) Videos This Area is only available to Prep Baseball Plus subscribers. Login Subscribe Best of Snapshot Physical","","","","Aces - National","88","71 - 72","","68 - 70","","81","",""
"76","Lucas Moore","Lucas Moore","https://www.prepbaseballreport.com/profiles/OH/Lucas--Moore-0315894672","OH","OF","Louisville","","","Louisville","6' 1""","170","2023","6.52","91","68.2","83","83","","18.8","Louisville (6/01/23) Videos This Area is only available to Prep Baseball Plus subscribers. Login Subscribe Best of Snapshot","","","","Indiana Bulls","65","","","","","","",""
"77","Gavin Grahovac","Gavin Grahovac","https://www.prepbaseballreport.com/profiles/CA/Gavin-Grahovac-0398216457","CA","1B","Texas A&M","","","Texas A&M","6' 2""","200","2023","","","","","","","","Texas A&M (6/01/23) Videos This Area is only available to Prep Baseball Plus subscribers. Login Subscribe News Comments Twitter Contact Best Of Stats","21yr 4mo","R","R","TB Socal","","","","","","","",""
"78","Caden Bogenpohl","Caden Bogenpohl","https://www.prepbaseballreport.com/profiles/MO/Caden-Bogenpohl-8319475620","MO","OF","Missouri State","","","Missouri State","6' 6""","230","2023","6.87","108.7","78.7","2","97","","23.7","Missouri State (6/01/23) Videos This Area is only available to Prep Baseball Plus subscribers. Login Subscribe Best of Snapshot","21yr 1mo","L","R","Adidas Athletics","95.4","69-71","78.1 - 82.8","83.1-85.2","2331","","",""
"79","Ty Head","Ty Head","https://www.prepbaseballreport.com/profiles/FL/Tyler-Head-1068342759","FL","OF","NC State","","","North Carolina State","6' 3""","205","2024","","","","","","","","North Carolina State (6/01/24) Videos This Area is only available to Prep Baseball Plus subscribers. Login Subscribe News Comments Contact Best Of Stats","20yr 11mo","L","L","Power Baseball Marucci 2024","","","","","","","",""
"80","Chase Brunson","Chase Brunson","https://www.prepbaseballreport.com/profiles/CA/Chase-Brunson","CA","OF","TCU","","","TCU","6' 3""","205","2023","","","","","","","","","","","","","","","","","","","",""
"81","Ryan Lynch","Ryan Lynch","https://www.prepbaseballreport.com/profiles/WA/Ryan-Lynch-4832659017-3254708619","WA","RHP","North Carolina","","","Bellevue (WA)","6' 3""","175","2021","","","","","","","","","","","","","","","","","","","",""
"82","Keon Johnson","Keon Johnson","https://www.prepbaseballreport.com/profiles/GA/Keon-Johnson-6910485723","GA","SS","First Presbyterian HS (GA)","GA","","First Presbyterian Day (HS) / GA","6' 1""","188.1","2026","6.85","97.8","76.1","91","","","23.8","Vanderbilt (11/13/24) Videos This Area is only available to Prep Baseball Plus subscribers. Login Subscribe Best of Snapshot Physical","18yr 2mo","R","R","Wow Factor National","88.8","66 - 69","","76 - 78","","","",""
"83","Malachi Washington","Malachi Washington","https://www.prepbaseballreport.com/profiles/GA/Malachi-Washington-0465371982","GA","OF","Parkview HS (GA)","GA","","Parkview (HS) / GA","6' 0""","193.3","2026","6.63","97.2","83.3","93","93","","24.5","(1/01/25) Videos This Area is only available to Prep Baseball Plus subscribers. Login Subscribe Best of Snapshot Physical","17yr 11mo","R","R","Wow Factor National 16u","","","","","","","",""
"84","Ryan Harwood","Ryan Harwood","https://www.prepbaseballreport.com/profiles/AZ/Ryan-Harwood-1475623908","AZ","OF","Casteel HS (AZ)","AZ","","Casteel (HS) / AZ","6' 2""","218","2026","6.69","104.1","87.6","2","94","","26.5","Texas A&M (9/14/24) Videos This Area is only available to Prep Baseball Plus subscribers. Login Subscribe Best of Snapshot Physical","18yr 10mo","L","R","East Coast Sox 2026 National","91","75-77","","64-66","","","",""
"85","Gannon Grant","Gannon Grant","https://www.prepbaseballreport.com/profiles/IN/Gannon--Grant-3251604798","IN","RHP","Center Grove HS (IN)","IN","","Center Grove (HS) / IN","6' 2""","195","2026","6.86","99.7","73.9","89","","","24.2","Tennessee (9/23/24) Videos This Area is only available to Prep Baseball Plus subscribers. Login Subscribe Best of Snapshot Physical","19yr 2mo","R","R","Indiana Bulls Black","97.8","74-77","83.3 - 85.1","86.4-86.7","2605","","",""
"86","Jerek Turlij","Jerek Turlij","https://www.prepbaseballreport.com/profiles/PA/Jerek-Turlij-3829640751","PA","RHP","North East HS (PA)","PA","","North East (HS) / PA","6' 1""","181.7","2026","","","","6","","","","(8/02/24) Videos This Area is only available to Prep Baseball Plus subscribers. Login Subscribe Best of Snapshot Physical","18yr 4mo","R","R","Erie Steelheads","94","75-80","76-79","85-85","2316","202","",""
"87","Grayson Willoughby","Grayson Willoughby","https://www.prepbaseballreport.com/profiles/KY/Grayson-Willoughby-0318645297","KY","RHP","Trinity HS (KY)","KY","","Trinity (HS) / KY","6' 2""","195","2026","6.99","97.8","70.4","93","","","21.6","Kentucky (8/23/24) Videos This Area is only available to Prep Baseball Plus subscribers. Login Subscribe Best of Snapshot Physical","","","","CBC Marucci 17u National Blackhawks","97","77-79","78-81","82-85","2451","","",""
"88","Easton Autrey","Easton Autrey","https://www.prepbaseballreport.com/profiles/TX/Easton-Autrey-1708362945","TX","3B","Corsicana HS (TX)","TX","","Corsicana (HS) / TX","6' 4""","225","2026","7.32","103.6","88.9","89","","","23.6","Texas (9/20/24) Videos This Area is only available to Prep Baseball Plus subscribers. Login Subscribe Best of Snapshot","18yr 7mo","L","R","BPA","","","","","","","",""
"89","Lucas Nawrocki","Lucas Nawrocki","https://www.prepbaseballreport.com/profiles/TX/Lucas-Nawrocki-1387962045","TX","OF","Aledo HS (OF)","OF","+ RHP Cooper Harris (Flower Mound HS, TX) + RHP Savion Sims (Prestonwood Christian HS, TX) + LHP Lucas Nawrocki (Aledo HS, TX) + RHP James Jorgensen (Jesuit HS, TX)","Aledo (HS) / TX","5' 10""","183.6","2026","7.22","101.2","81.3","91","91","","24.1","(10/12/25) Videos This Area is only available to Prep Baseball Plus subscribers. Login Subscribe Best of Snapshot Physical","18yr 5mo","L","L","Stix Scout 2026","92.1","79-79","73 - 76.3","87-87","2946","","",""
"90","Steven Miliam","","","","MIF","LSU","","","","","","","","","","","","","","","","","","","","","","","","","No profile URL resolved.",""
"91","James Jorgensen","James Jorgensen","https://www.prepbaseballreport.com/profiles/TX/James-Jorgensen-6820794531","TX","RHP","Jesuit Prep HS (TX)","TX","+ RHP Cooper Harris (Flower Mound HS, TX) + RHP Savion Sims (Prestonwood Christian HS, TX) + LHP Lucas Nawrocki (Aledo HS, TX) + RHP James Jorgensen (Jesuit HS, TX)","Jesuit College Prep (HS) / TX","6' 0""","185","2026","6.91","97.2","71.7","6","93","","22.4","Texas (9/23/24) Videos This Area is only available to Prep Baseball Plus subscribers. Login Subscribe Best of Snapshot","18yr 8mo","R","R","Dulins Dodgers","89","71-73","","79-81","2322","","",""
"92","Anthony Del Angel","Anthony Del Angel","https://www.prepbaseballreport.com/profiles/NM/Anthony--Del-Angel--0852794631","NM","3B","Cleveland HS (NM)","NM","","Cleveland (HS) / NM","","","2026","6.55","106.4","81.0","83","95","","25.6","Oklahoma (8/15/24) Videos This Area is only available to Prep Baseball Plus subscribers. Login Subscribe Best of Snapshot Physical","18yr 8mo","R","R","Dulins Dodgers 14u Godwin","","","","","","","",""
"93","Denton Lord","Denton Lord","https://www.prepbaseballreport.com/profiles/FL/Denton-Lord-8615427390-7108652493","FL","RHP","South Walton HS (FL)","FL","","South Walton (HS) / FL","6' 8""","220","2026","","","","","","","","","18yr 5mo","R","R","Aces National","97","76-79","79-81","87-88","2258","","",""
"94","Gary Morse","Gary Morse","https://www.prepbaseballreport.com/profiles/CA/Gary-Morse-8259043617-8315427690","CA","RHP","Orange Lutheran HS (CA)","CA","","Orange Lutheran (HS) / CA","","","2026","","","","6","6","","","Tennessee (1/22/25) Videos This Area is only available to Prep Baseball Plus subscribers. Login Subscribe Best of Snapshot Physical","18yr 10mo","R","R","ZT National Prospects","96.1","78.9-79.5","82-84","83.7-86.1","2438","2","",""
"95","Logan Georges","Logan Georges","https://www.prepbaseballreport.com/profiles/CA/Logan-Georges-2456781390-1345872960","CA","RHP","Clovis HS (CA)","CA","","Clovis (HS) / CA","6' 5""","210","2026","","","","","","","","TCU (6/06/23) Videos This Area is only available to Prep Baseball Plus subscribers. Login Subscribe Best of Snapshot TrackMan Pitching Pitching Velos News Comments Contact Best Of Stats Fastball 93.5 Velocity (max) 5/31/25 90.7 - 93.3 Velo Range 5/31/25 2595 Spin Rate (avg) 5/31/25 Changeup 83.1 - 83.2 Velo Range 5/31/25 1690 Spin Rate (avg) 5/31/25 Slider 78 - 80 Velo Range 5/31/25 2502 Spin Rate (avg) 5/31/25 2026 CA High School Heat Sheet Feb 24, 2026 2025 ProCase - NorCal May 31, 2025 ACG Underclass Tryout (NorCal) Jun 13, 2023 4.5.23 Apr 5, 2023","18yr 11mo","R","R","Tri-County","95","","82-84","83.1-83.2","2611","","",""
"96","Cooper Sides","Cooper Sides","https://www.prepbaseballreport.com/profiles/CA/Cooper-Sides-2510498367-1352079468","CA","RHP","Orangle Lutheran HS (CA)","CA","","Orange Lutheran (HS) / CA","6' 5""","180","2026","8.40","","","78","","","","(11/26/24) Videos This Area is only available to Prep Baseball Plus subscribers. Login Subscribe Best of Snapshot","18yr 6mo","R","R","Alpha Power","86.3","64-67","72.3 - 74.8","74-75","2029","","",""
"97","Dominic Battista","Dominic Battista","https://www.prepbaseballreport.com/profiles/IL/Dominic--Battista-7152098436","IL","OF","Oswego East HS (IL)","IL","","Oswego East (HS) / IL","6' 1""","186.5","2026","6.53","108.5","81.0","81","94","","23.7","(11/24/24) Videos This Area is only available to Prep Baseball Plus subscribers. Login Subscribe Best of Snapshot Physical","18yr 6mo","L","R","Rhino Baseball","72.4","61 - 62.4","64.2 - 66.4","68.4 - 71.4","","","",""
"98","Tre Phelps","Tre Phelps","https://www.prepbaseballreport.com/profiles/GA/Edward--Phelps-III-3076241958","GA","3B","Georgia","","","Georgia Premier (HS) / GA","6' 3""","210","2023","6.80","101.1","84.2","6","","","25.0","","21yr 11mo","R","R","GBSA RAYS","","","","","","202","",""
"99","Mason Edwards","Mason Edwards","https://www.prepbaseballreport.com/profiles/CA/Mason--Edwards-6748150239-8476302195","CA","LHP","USC","","","USC","6' 2""","195","2023","","","","","","","","","","","","","","","","","","","",""
"100","Ethan Kleinschmidt","","","","LHP","Oregon State","","","","","","","","","","","","","","","","","","","","","","","","","No profile URL resolved.",""
"101","Logan Reddemann","Logan Reddemann","https://www.prepbaseballreport.com/profiles/CA/Logan-Reddemann-6831042957","CA","RHP","UCLA","","","UCLA","6' 2""","200","2023","","","","","","","","","21yr 1mo","R","R","So Cal Bombers","","","","","","","",""
"102","Brett Renfrow","Brett Renfrow","https://www.prepbaseballreport.com/profiles/VA/Brett-Renfrow-6945713028","VA","RHP","Virginia Tech","","","Colgan (HS) / VA","6' 3""","220","2023","","","","87","8","","","(6/01/23) Videos This Area is only available to Prep Baseball Plus subscribers. Login Subscribe Best of Snapshot","21yr 4mo","R","R","Stars 17U Carroll","94","74.4-77.5","78-82","81-85","2304","","",""
"103","Brendan Brock","Brendan Brock","https://www.prepbaseballreport.com/profiles/IL/Brendan--Brock--9613475802","IL","C","Oklahoma","","","Oklahoma","6' 3""","200","2022","6.19","95.3","72.3","","80","80","24.7","","21yr 9mo","R","R","St. Louis Naturals","","","","","","80","",""
"104","Carson Tinney","Carson Tinney","https://www.prepbaseballreport.com/profiles/CO/Carson-Tinney-1847239650","CO","C","Texas","","","Texas","6' 3""","235","2023","7.61","93","79.9","4","6","75","22.1","Texas (6/01/25) Notre Dame (6/01/23) Videos This Area is only available to Prep Baseball Plus subscribers. Login Subscribe Best of Snapshot","21yr 1mo","R","R","Slammers Duman","87","69 - 72","","","","75","","90"
"105","Luke McNellie","","","","RHP","Florida","","","","","","","","","","","","","","","","","","","","","","","","","No profile URL resolved.",""
"106","Max Bayles","Max Bayles","https://www.prepbaseballreport.com/profiles/CA/Max-Bayles","CA","RHP","Santa Clara","","","Santa Clara","6' 2""","210","2023","","","","","","","","","21yr 6mo","R","R","","","","","","","","",""
"107","Jake Brown","Jake Brown","https://www.prepbaseballreport.com/profiles/KS/Jake-Brown-0528713964","KS","OF","LSU","","","Mill Valley (HS) / KS","6' 5""","185","2026","7.39","82.9","66.8","79","","","22.8","request. Login Videos This Area is only available to Prep Baseball Plus subscribers. Login Subscribe Best of Snapshot","18yr 9mo","R","R","Prime 27:17","81","69-72","64.4 - 65.2","66.0-68.3","2201","","",""
"108","Camden Johnson","Camden Johnson","https://www.prepbaseballreport.com/profiles/GA/Camden-Johnson-9847103562","GA","INF","Oklahoma","","","North Gwinnett (HS) / GA","5' 10""","199","2031","","","","","","","","","13yr 10mo","L","R","KC Roos National","","","","","","","",""
"109","Myles Bailey","Myles Bailey","https://www.prepbaseballreport.com/profiles/FL/Myles-Bailey-1478690523","FL","1B","Florida State","","","Florida State","6' 4""","225","2024","7.14","101.4","82.4","85","","","22.7","","20yr 10mo","L","R","Five Star National Black","","","","","","","",""
"110","Ethan Mendoza","Ethan Mendoza","https://www.prepbaseballreport.com/profiles/TX/Ethan--Mendoza-3641508972","TX","2B","Texas","","","Texas","5' 11""","175","2023","7.07","99.2","76.0","88","7","","23.3","Texas (6/05/24) Arizona State (6/01/23) Videos This Area is only available to Prep Baseball Plus subscribers. Login Subscribe Best of Snapshot","21yr 9mo","R","R","Texas Stix 2023 - Scout Team","","","","","","","",""
"111","Isaiah Galason","Isaiah Galason","https://www.prepbaseballreport.com/profiles/GA/Isaiah-Galason-3897640215","GA","SS","Houston County HS (GA)","GA","","Houston County (HS) / GA","5' 10""","177.3","2026","6.53","102.0","77.3","91","","","22.3","(6/09/25) Videos This Area is only available to Prep Baseball Plus subscribers. Login Subscribe Best of Snapshot Physical","18yr 1mo","R","R","Five Star National 17u","92","68-71","69.2 - 69.4","75-77","2370","","",""
"112","Jacob Dudan","Jacob Dudan","https://www.prepbaseballreport.com/profiles/NC/Jacob-Dudan-6139270845","NC","RHP","NC State","","","North Carolina State","6' 3""","185","2023","","","","","","","","North Carolina State (6/01/23) Videos This Area is only available to Prep Baseball Plus subscribers. Login Subscribe Best of Snapshot TrackMan Pitching Pitching Velos News Comments Contact Best Of Stats Fastball 90 Velocity (max) 1/02/22 87 - 88 Velo Range 1/02/22 1964 Spin Rate (avg) 3/27/21 Changeup 81 - 82 Velo Range 1/02/22 1638 Spin Rate (avg) 3/27/21 Curveball 75 - 79 Velo Range 1/02/22 2304 Spin Rate (avg) 3/27/21 2022 NC High School Heat Sheet Jan 2, 2022 March 27 Prospect I.D. Mar 27, 2021 Future Games I.D. Mar 27, 2021 LakePoint Fall Invite Sep 18, 2020","21yr 4mo","L","R","SBA Scout Team 2023","90","75-79","","81-82","2048","","",""
"113","Cade Townsend","Cade Townsend","https://www.prepbaseballreport.com/profiles/CA/Cade--Townsend-7408369152-6907382541","CA","RHP","Ole Miss","","","Mississippi","6' 1""","185","2024","","","","","","","","","","","","","","","","","","","",""
"114","LJ Mercurius","","","","RHP","Oklahoma","","","","","","","","","","","","","","","","","","","","","","","","","No profile URL resolved.",""
"115","Tommy LaPour","Tommy Lapour","https://www.prepbaseballreport.com/profiles/MO/Tommy-Lapour-3508692741","MO","RHP","TCU","","","TCU","6' 3""","225","2023","","94","72.8","92","92","","23.1","TCU (6/01/24) Wichita State (6/01/23) Videos This Area is only available to Prep Baseball Plus subscribers. Login Subscribe Best of Snapshot","21yr 1mo","R","R","KC Royals Scout Team 17u","95","76-78","","79.5-81.6","2124","","",""
"116","Collin Bland","Collin Bland","https://www.prepbaseballreport.com/profiles/TN/Collin-Bland-5836094721","TN","1B","Houston HS (TN)","TN","","Houston (HS) / TN","6' 2""","250","2026","7.04","111.2","80.5","76","80","","22.9","Vanderbilt (11/07/24) Videos This Area is only available to Prep Baseball Plus subscribers. Login Subscribe Best of Snapshot Physical","18yr 7mo","L","R","eXposure National 17U","73","","","","","","",""
"117","Julian Garcia","Julian Garcia","https://www.prepbaseballreport.com/profiles/CA/Julian-Garcia","CA","RHP","St. John Bosco HS (CA)","CA","","St. John Bosco (HS) / CA","6' 3""","180","2026","","","","","","","","","","","","","95","75-76","","85-86","","","",""
"118","Alain G?mez Gudino","Alain G?mez Gudino","https://www.prepbaseballreport.com/profiles/AZ/alain-gomez-gudino","AZ","C","Saguaro HS (AZ)","AZ","","Saguaro (HS) / AZ","6' 0""","220","2026","7.21","102.1","86.6","86","80","80","23.7","South Carolina (11/10/24) South Carolina (11/05/24) Videos This Area is only available to Prep Baseball Plus subscribers. Login Subscribe Best of Snapshot Physical","18yr 9mo","S","R","Saguaro","","","","","","80","",""
"119","Roman Martin","","","","3B","UCLA","","","","","","","","","","","","","","","","","","","","","","","","","No profile URL resolved.",""
"120","Maddox Molony","Maddox Molony","https://www.prepbaseballreport.com/profiles/OR/Maddox-Molony-3467580192","OR","SS","Oregon","","","Oregon","6' 2""","205","2023","7.65","88.4","71.3","77","","","20.7","Oregon (6/01/23) Videos This Area is only available to Prep Baseball Plus subscribers. Login Subscribe Best of Snapshot","21yr 7mo","R","R","Gunderson baseball","82","66 - 68","","68.6 - 70.5","","","",""
"121","Kyle Jones","Kyle Jones","https://www.prepbaseballreport.com/profiles/OH/kyle-jones","OH","OF","Florida","","","Talawanda (HS) / OH","5' 8""","155","2026","7.79","84.9","64.0","75","","","21.5","request. Login Videos This Area is only available to Prep Baseball Plus subscribers. Login Subscribe Best of Snapshot","17yr 7mo","R","R","Storm Club","","","","","","202","",""
"122","Landon Brown","Landon Brown","https://www.prepbaseballreport.com/profiles/TX/Landon-Brown-9801657432","TX","RHP","Iowa Colony HS (TX)","TX","","Iowa Colony (HS) / TX","6' 3""","215","2026","7.06","99.3","79.0","93","","","24.8","(9/18/24) Videos This Area is only available to Prep Baseball Plus subscribers. Login Subscribe Best of Snapshot","18yr 7mo","R","R","Wildcatters 2026 National","98","73-77","79.6 - 83.2","85.4-87.1","2417","","",""
"123","Brody Schumaker","Brody Schumaker","https://www.prepbaseballreport.com/profiles/CA/Brody-Schumaker-4021837956-8372601495","CA","UTL","Santa Margarita HS (CA)","CA","","Santa Margarita Catholic (HS) / CA","5' 9""","145","2026","","","","","","","","TCU (8/13/24) Videos This Area is only available to Prep Baseball Plus subscribers. Login Subscribe News Comments Contact Best Of Stats","","","","","","","","","","","",""
"124","Elliot Lascelles","Elliot Lascelles","https://www.prepbaseballreport.com/profiles/ON/Elliot-Lascelles-6891274305","ON","SS","Upper Canada College HS (ON)","ON","","Upper Canada College (HS) / ON","6' 1""","187.4","2026","6.60","99.9","70.3","88","","","20.5","(10/07/24) Videos This Area is only available to Prep Baseball Plus subscribers. Login Subscribe Best of Snapshot Physical","18yr 3mo","L","R","Toronto Mets","73","","64 - 66","","","","",""
"125","Drew Christine","Drew Christine","https://www.prepbaseballreport.com/profiles/VA/Drew-Christine-2816754903","VA","LHP","St. John's College HS (VA)","VA","","St. John's College (HS) / VA","6' 3""","170","2026","7.75","82","","80","5","","","Tennessee (9/08/24) Videos This Area is only available to Prep Baseball Plus subscribers. Login Subscribe Best of Snapshot","","","","Cadets Showcase","89.8","70-74","68.6 - 71.3","82.0-88.8","2674","","",""
"126","Cole Prosek","Cole Prosek","https://www.prepbaseballreport.com/profiles/MS/Cole-Prosek-4327180569","MS","SS","Magnolia Heights HS (MS)","MS","","Magnolia Heights (HS) / MS","6' 1""","195","2026","7.32","95.2","73.5","82","","","24.5","Mississippi (12/01/23) Videos This Area is only available to Prep Baseball Plus subscribers. Login Subscribe Best of Snapshot Physical","18yr 11mo","L","R","EBC","87","","","","","","",""
"127","Logan Hughes","Logan Hughes","https://www.prepbaseballreport.com/profiles/FL/Logan-Hughes-4601385927","FL","OF","Texas Tech","","","Texas Tech","6' 0""","205","2023","6.96","98.4","83.3","79","","","24.2","Texas Tech (6/17/24) (6/01/23) Videos This Area is only available to Prep Baseball Plus subscribers. Login Subscribe Best of Snapshot","","","","Scorpions Giants Scout 2023","","","","","","202","",""
"128","Brady Ballinger","Brady Ballinger","https://www.prepbaseballreport.com/profiles/NY/Brady-Ballinger-7503862149","NY","OF","Kansas","","","Churchville-Chili (HS) / NY","4' 9""","100","2033","","","","","","","","","11yr 5mo","R","R","Prime Baseball","","","","","","","",""
"129","Hayden Johnson","Hayden Johnson","https://www.prepbaseballreport.com/profiles/SC/Hayden-Johnson-5208193764-9412503768","SC","LHP","Coastal Carolina","","","Coastal Carolina","","","2023","","","","","","","","","","","","","","","","","","","",""
"130","Cam Johnson","","","","LHP","Oklahoma","","","","","","","","","","","","","","","","","","","","","","","","","No profile URL resolved.",""
"131","Jorvorskie Lane","Jorvorskie Lane","https://www.prepbaseballreport.com/profiles/TX/Jorvorskie-Lane-2507143689-1503426978","TX","OF","OD Wyatt HS (TX)","TX","","Grapevine (HS) / TX","6' 0""","190","2026","","","","","","","","","","","","","","","","","","","",""
"132","Trey Rangel","Trey Rangel","https://www.prepbaseballreport.com/profiles/TX/Trey-Rangel-7964358012","TX","RHP","The Colony HS (TX)","TX","","The Colony (HS) / TX","6' 1""","185","2026","","","","6","","","","Texas (10/14/24) Videos This Area is only available to Prep Baseball Plus subscribers. Login Subscribe Best of Snapshot Physical","19yr 1mo","R","R","Canes Southwest National 17u","97","81-84","80-81","87-90","2821","","",""
"133","Spencer Browning","Spencer Browning","https://www.prepbaseballreport.com/profiles/TX/Spencer-Browning-9584713620","TX","SS","Pleasant Grove HS (TX)","TX","","Pleasant Grove (HS) / TX","6' 0""","194.9","2026","6.44","102.1","73.7","88","","","22.8","Arkansas (8/13/24) Videos This Area is only available to Prep Baseball Plus subscribers. Login Subscribe Best of Snapshot Physical","18yr 5mo","R","R","Arkansas Sticks Baseball","92","70-75","72.5 - 74.6","76.0-77.3","2270","","",""
"134","Nathaneal Davis","Nathaneal Davis","https://www.prepbaseballreport.com/profiles/FL/Nathaneal-Davis-0563978421-2860795341","FL","OF","Bishop Moore HS (FL)","FL","","Bishop Moore (HS) / FL","6' 0""","175","2026","","","","","","","","(9/26/24) Videos This Area is only available to Prep Baseball Plus subscribers. Login Subscribe Best of Snapshot Pitching Velos News Contact Best Of Stats Fastball 88 Velocity (max) 6/06/24 85 - 87 Velo Range 6/06/24 - Spin Rate (avg) National Program Invitational (NPI) Jun 4, 2026 PBKC World Series Jul 25, 2024 National Program Invitational (NPI) Jun 6, 2024","18yr 3mo","L","L","San Diego Padres National","88","","","","","","",""
"135","Duncan Marsten","Duncan Marsten","https://www.prepbaseballreport.com/profiles/CA/Duncan-Marsten-9408523716","CA","RHP","Wake Forest","","","Wake Forest","6' 3""","220","2024","","","","","","","","Wake Forest (10/27/23) Videos This Area is only available to Prep Baseball Plus subscribers. Login Subscribe Best of Snapshot","20yr 11mo","R","R","CBA Marucci","95","","78-81","81-83","","","",""
"136","Aidan Knaak","Aidan Knaak","https://www.prepbaseballreport.com/profiles/FL/Aidan-Knaak-5728160349-0694287135","FL","RHP","Clemson","","","Bishop Verot (HS) / FL","6' 1""","210","2023","","","","","","","","(6/01/23) Videos This Area is only available to Prep Baseball Plus subscribers. Login Subscribe News Contact Best Of Stats 2023 HS Apr 4, 2023","21yr 8mo","R","R","Florida Burn Scout Team","94","76-79","","76-80","","","",""
"137","Will Libbert","","","","LHP","Ole Miss","","","","","","","","","","","","","","","","","","","","","","","","","No profile URL resolved.",""
"138","Colin Barczi","Colin Barczi","https://www.prepbaseballreport.com/profiles/IL/Colin-Barczi-0145269783","IL","C","Vanderbilt","","","Vanderbilt","6' 2""","220","2023","6.69","104","81.4","","86","86","26.4","Vanderbilt (8/02/21) Videos This Area is only available to Prep Baseball Plus subscribers. Login Subscribe Best of Snapshot","21yr 10mo","R","R","Cangelosi Sparks Black","","","","","","86","",""
"139","Eli Herst","Eli Herst","https://www.prepbaseballreport.com/profiles/WA/Eli-Herst-0179658234","WA","RHP","Seattle Academy HS (WA)","WA","","Seattle Academy (HS) / WA","6' 5""","217.8","2026","7.33","97.0","74.1","","76","7","20.4","Vanderbilt (10/18/24) Videos This Area is only available to Prep Baseball Plus subscribers. Login Subscribe Best of Snapshot Physical","18yr 3mo","R","R","Trosky / Brewers Scout Team 2026","93.4","75.2-78.8","76-80","84-85","2496","7","",""
"140","Will Yow","Will Yow","https://www.prepbaseballreport.com/profiles/VA/Will-Yow-4381975062","VA","SS","St. Anne's-Belfield HS (VA)","VA","","Saint Anne's-Belfield (HS) / VA","6' 1""","175.5","2026","6.15","100.1","84.4","88","","","23.6","(10/19/25) Videos This Area is only available to Prep Baseball Plus subscribers. Login Subscribe Best of Snapshot Physical","18yr 5mo","R","R","Richmond Braves 17U Platinum Prospects","82","66.7 - 68.2","","68 - 68","","","",""
"141","Colin White","Colin White","https://www.prepbaseballreport.com/profiles/GA/Colin-White-2541780396-1652379408","GA","LHP","Harrison HS (GA)","GA","","Harrison (HS) / GA","6-3","180","2026","7.26","94.3","72.4","90","","","22.3","Florida (10/20/25) Videos This Area is only available to Prep Baseball Plus subscribers. Login Subscribe Best of Snapshot Physical","19yr 4mo","L","L","USA Prime National","95","79-81","75.1 - 76.4","86-88","2633","","",""
"142","RJ Cope","RJ Cope","https://www.prepbaseballreport.com/profiles/GA/RJ--Cope-5439076128","GA","LHP","Georgia Premier Academy HS (GA)","GA","","Georgia Premier Academy (HS) / GA","6' 8""","235","2026","","93.8","","","","","","","19yr 2mo","L","L","GBSA RAYS","96","77-80","80-84","82-86","","","",""
"143","Shawn Sullivan","Shawn Sullivan","https://www.prepbaseballreport.com/profiles/OH/Shawn--Sullivan-8601429735","OH","RHP","Walsh Jesuit HS (OH)","OH","","Walsh Jesuit (HS) / OH","6' 0""","180","2026","6.63","96","72.8","2","87","","24.6","Tennessee (11/16/25) Videos This Area is only available to Prep Baseball Plus subscribers. Login Subscribe Best of Snapshot","","","","Legends Scout","96","79-81","85-86","84-85","2434","202","",""
"144","Jack Slightom","Jack Slightom","https://www.prepbaseballreport.com/profiles/IL/Jack-Slightom-0954723168","IL","RHP","Lyons Township HS (IL)","IL","","Lyons Township (HS) / IL","6' 4""","205","2026","","","","","65","4","","(5/14/25) Videos This Area is only available to Prep Baseball Plus subscribers. Login Subscribe Best of Snapshot","18yr 1mo","R","R","Top Tier","96","77-77","82-83","85-87","2545","4","",""
"145","Dylan Blomker","Dylan Blomker","https://www.prepbaseballreport.com/profiles/NM/Dylan-Blomker-2","NM","RHP","La Cueva HS (NM)","NM","","La Cueva (HS) / NM","6' 3""","195","2026","","","","","","","","","","","","","96","","83-86","86-88","","","",""
"146","Connor Langdon","Connor Langdon","https://www.prepbaseballreport.com/profiles/GA/Connor-Langdon-0457638192","GA","LHP","Perry HS (GA)","GA","","Perry (HS) / GA","6' 2""","190","2026","","","","","","","","","18yr 9mo","L","L","Canes National 16 U","95","80-83","74-78","78-81","","","",""
"147","Ethan Surowiec","Ethan Surowiec","https://www.prepbaseballreport.com/profiles/MS/Ethan-Surowiec-7503418692","MS","3B","Florida","","","Florida","6' 2""","215","2024","7.11","92.3","69.2","88","","","24.0","Florida (6/04/25) Mississippi (6/01/24) Videos This Area is only available to Prep Baseball Plus subscribers. Login Subscribe Best of Snapshot","20yr 10mo","R","R","Knights Knation","88.3","67 - 69","72.7 - 77.5","78.3 - 79.5","","","",""
"148","Tre Broussard","Tre' Broussard","https://www.prepbaseballreport.com/profiles/TX/Tre-Broussard-5291603487","TX","OF","Houston","","","Houston","6' 2""","145","2023","","87.3","","81","81","","","Houston (9/22/25) Videos This Area is only available to Prep Baseball Plus subscribers. Login Subscribe Best of Snapshot","20yr 8mo","L","L","Marucci Elite","","","","","","202","",""
"149","Blake Morningstar","Blake Morningstar","https://www.prepbaseballreport.com/profiles/PA/Blake-Morningstar-8135629047","PA","RHP","Wake Forest","","","Wake Forest","6' 4""","215","2023","","","","","","","","Wake Forest (8/02/21) Videos This Area is only available to Prep Baseball Plus subscribers. Login Subscribe Best of Snapshot","21yr 1mo","R","R","East Coast Sandhogs","95","70.6-73.1","79-82","81-82","2117","","",""
"150","Alex Overbay","Alex Overbay","https://www.prepbaseballreport.com/profiles/WA/Alex-Overbay-3970684125","WA","RHP","Arizona State","","","Arizona State","6' 2""","205","2023","","","","6","","","","Arizona State (6/06/25) (6/01/23) Videos This Area is only available to Prep Baseball Plus subscribers. Login Subscribe Best of Snapshot","21yr 3mo","R","R","Olympia Titans","86.8","72.0-74.0","","72.1-73.7","2287","202","",""
"151","Gunner Skelton","Gunner Skelton","https://www.prepbaseballreport.com/profiles/TN/Gunner-Skelton-2783645910","TN","3B","Columbia Academy HS (TN)","TN","","Columbia Academy (HS) / TN","6' 0""","200","2026","7.07","105.4","85.3","94","","2.03 - 2.03","23.4","Vanderbilt (9/15/24) Videos This Area is only available to Prep Baseball Plus subscribers. Login Subscribe Best of Snapshot Physical","18yr 9mo","R","R","Rawlings MAD Mavericks","90","76-78","74-80","79.1-80.3","2339","10","",""
"152","Josiah Morris","Josiah Morris","https://www.prepbaseballreport.com/profiles/CA/Josiah-Morris-7103684259-5948736210","CA","C","Clayton Valley HS (CA)","CA","","Clayton Valley Charter (HS) / CA","6' 0""","165","2026","","","","","","","","Oklahoma State (3/08/25) Videos This Area is only available to Prep Baseball Plus subscribers. Login Subscribe News Twitter Contact Best Of Stats","17yr 10mo","R","R","Alpha Prime 2026","","","","","","","",""
"153","CJ Weinstein","CJ Weinstein","https://www.prepbaseballreport.com/profiles/CA/Cole-Weinstein-2394057681","CA","SS","Orange Lutheran HS (CA)","CA","","Orange Lutheran (HS) / CA","6' 1""","184","2026","6.93","99.0","74.6","87","","","24.4","(11/25/24) Videos This Area is only available to Prep Baseball Plus subscribers. Login Subscribe Best of Snapshot Physical","19yr 1mo","L","R","SoCal Giants","79.3","64 - 67","","68 - 72","","","",""
"154","Spencer Evans","Spencer Evans","https://www.prepbaseballreport.com/profiles/GA/Spencer-Evans-7419803625","GA","LHP","TNXL Academy HS (FL)","FL","","TNXL Academy (HS) / FL","6' 3""","180","2026","","","","","","","","(10/08/25) Videos This Area is only available to Prep Baseball Plus subscribers. Login Subscribe Best of Snapshot TrackMan Pitching Pitching Velos News Comments Contact Best Of Stats Fastball 95 Velocity (max) 5/12/26 91 - 95 Velo Range 6/05/25 2123 Spin Rate (avg) 9/03/24 Changeup 82.2 - 83.1 Velo Range 9/03/24 1442 Spin Rate (avg) 9/03/24 Curveball 76 - 78 Velo Range 6/05/25 - Spin Rate (avg) Slider 78 - 84 Velo Range 5/12/26 2342 Spin Rate (avg) 9/03/24 ABA Conference Championship May 12, 2026 National Program Invitational (NPI) Jun 5, 2025 2024 TNXL Academy Scout Day Sep 3, 2024 vs Cherokee Mar 10, 2023 Underclass Fall World Series Oct 7, 2022 PBR Fall Open Sep 9, 2022 PBR Junior Future Games Jul 26, 2022 PBR Junior Future Games Jul 28, 2021 2021 Junior Future Games Jul 28, 2021","18yr 10mo","L","L","Canes","95","76-78","78-84","83-84","2244","","",""
"155","Thomas Burns","Thomas Burns","https://www.prepbaseballreport.com/profiles/WI/Thomas-Burns-5180273496","WI","RHP","Texas","","","Texas","6' 4""","240","2023","","","","","","","","Texas (7/01/24) Arizona State (3/21/22) Videos This Area is only available to Prep Baseball Plus subscribers. Login Subscribe Best of Snapshot TrackMan Pitching Pitch Scores Pitching Velos Swift PitchAI News Comments Twitter Contact Best Of Stats Fastball 92 Velocity (max) 7/21/22 90 - 92 Velo Range 7/21/22 2270 Spin Rate (avg) 3/06/21 Changeup 84 - 85 Velo Range 7/28/21 1635 Spin Rate (avg) 3/06/21 Curveball 73 - 75 Velo Range 3/06/22 2062 Spin Rate (avg) 3/06/21 Slider 72.9 - 76.3 Velo Range 3/06/22 2176 Spin Rate (avg) 3/06/22 6.84 60-yd 6/21/22 3.79 30-yd 6/21/22 1.62 10-yd 6/21/22 20.2 Run speed (max) 6/21/22 The Rock Fall Championships Sep 23, 2022 Grand Park Fall Championships Sep 9, 2022 The Rock Summer Championships Jul 21, 2022 PBR ProCase - Midwest (Invite-Only) Jun 21, 2022 South Milwaukee Preseason ID Mar 6, 2022 PBR at The Rock - Fall Championships Sep 23, 2021 PBR Cup Sep 17, 2021 2021 PBR Future Games (Wisconsin Invite) Jul 28, 2021 2021 Future Games Jul 28, 2021 Badger State Battle Jul 1, 2021 All-State Games (Invite Only) Jun 29, 2021 Fox Cities Preseason I.D. Mar 6, 2021 Badger State Battle Jul 2, 2020 PBR at The Rock Championships Jun 18, 2020 Fox Cities Preseason I.D. Mar 8, 2020 Southern Wisconsin Open Oct 19, 2019","21yr 8mo","R","R","Hitters 2023","92","73-75","72.9 - 76.3","84-85","2364","","",""
"156","Shane Sado","","","","LHP","Texas A&M","","","","","","","","","","","","","","","","","","","","","","","","","No profile URL resolved.",""
"157","Hudson Barrett","Hudson Barrett","https://www.prepbaseballreport.com/profiles/CA/Hudson-Barrett-3672905841-6953017842","CA","LHP","Oklahoma State","","","Oklahoma State","6' 5""","210","2022","","","","","","","","","","","","","89","","","77-78","","","",""
"158","Justin Byrd","Justin Byrd","https://www.prepbaseballreport.com/profiles/GA/Justin--Byrd-2894573610","GA","RHP","Georgia","","","North Oconee (HS) / GA","6' 2""","190","2022","","","","7","","","","(6/14/24) (6/01/22) Videos This Area is only available to Prep Baseball Plus subscribers. Login Subscribe Best of Snapshot","22yr 1mo","R","R","Evoshields","89","68-72","68.4 - 70.5","71.4-73.2","1986","202","",""
"159","Joseph Lawson","Joey Lawson","https://www.prepbaseballreport.com/profiles/FL/Joseph-Lawson","FL","RHP","Bishop Verot HS (FL)","FL","","Bishop Verot (HS) / FL","6' 2""","210","2026","7.39","97.5","79.3","","","","24.4","","18yr 11mo","R","R","2026 CBU Scout Team James","94","75-78","75-77","83-84","2306","","",""
"160","Jack Radel","Jack Radel","https://www.prepbaseballreport.com/profiles/SD/Jack-Radel-1536894027","SD","RHP","Notre Dame","","","Notre Dame","6' 4""","245","2023","","","","8","68","8","","Notre Dame (6/01/23) Videos This Area is only available to Prep Baseball Plus subscribers. Login Subscribe Best of Snapshot","21yr 8mo","R","R","Sioux Falls Cyclones","90.4","73-75","77.2 - 78.9","83.6-83.9","2224","8","",""
"161","Cal Scolari","Cal Scolari","https://www.prepbaseballreport.com/profiles/NV/Callan-Scolari-9871062354","NV","RHP","Oregon","","","Bishop Manogue (HS) / NV","6' 4""","185","2023","6.89","89.1","71.7","8","90","","24.1","(6/01/23) Videos This Area is only available to Prep Baseball Plus subscribers. Login Subscribe Best of Snapshot","","","","Reno A'S","89","68.8-72.1","70.7 - 78.3","78-79","2303","775","",""
"162","Cooper Webb","Cooper Webb","https://www.prepbaseballreport.com/profiles/TX/Cooper-Webb-3249651870","TX","RHP","Lake Travis HS (TX)","TX","","Lake Travis (HS) / TX","6' 3""","195","2026","","","","4","1","","","Texas (10/29/24) Videos This Area is only available to Prep Baseball Plus subscribers. Login Subscribe Best of Snapshot","18yr 10mo","R","R","Wow Factor National","94","71-72","75 - 77","76.1-76.2","2139","","",""
"163","Gunnar Alm","Gunnar Alm","https://www.prepbaseballreport.com/profiles/NC/Gunnar-Alm-9564380721-4768915023","NC","OF","Polk County HS (NC)","NC","","Polk County (HS) / NC","6' 0""","172.4","2026","6.89","99.0","76.0","89","89","","23.5","North Carolina State (10/30/23) Videos This Area is only available to Prep Baseball Plus subscribers. Login Subscribe Best of Snapshot Physical","19yr 6mo","L","L","South Charlotte Panthers","74","56-60","","62-65","","","",""
"164","Wilson Andersen","Wilson Andersen","https://www.prepbaseballreport.com/profiles/FL/Wilson-Andersen-2950643718","FL","RHP","Jesuit HS (FL)","FL","","Jesuit (HS) / FL","6' 3""","192","2026","7.60","96.7","","81","7","","","(10/09/24) Videos This Area is only available to Prep Baseball Plus subscribers. Login Subscribe Best of Snapshot","18yr 4mo","R","R","MBA Scout Team 2026","98","86-92","82-85","86-86","","202","",""
"165","Bo Holloway","Bo Holloway","https://www.prepbaseballreport.com/profiles/TN/Bo-Holloway-4810532769","TN","LHP","Christ Presbyterian HS (TN)","TN","","Christ Presbyterian Academy (HS) / TN","6' 5""","205","2026","","","","","","","","Vanderbilt (4/15/25) Videos This Area is only available to Prep Baseball Plus subscribers. Login Subscribe Best of Snapshot TrackMan Pitching Pitch Scores Pitching Velos Vizual Edge News Comments Twitter Contact Best Of Stats Fastball 97 Velocity (max) 6/05/25 94 - 97 Velo Range 6/05/25 2351 Spin Rate (avg) 7/24/24 Changeup 88 - 89 Velo Range 6/05/25 1929 Spin Rate (avg) 5/28/24 Curveball 76.7 - 79.3 Velo Range 7/26/23 2357 Spin Rate (avg) 7/26/23 Slider 84 - 85.3 Velo Range 7/24/24 2212 Spin Rate (avg) 7/24/24 Future Games Jul 23, 2026 2026 Spring Heat Sheet Mar 1, 2026 17U National Championship Jul 16, 2025 National Program Invitational (NPI) Jun 5, 2025 Prep Baseball Cup Sep 20, 2024 Future Games (Class of 2026/27) Jul 24, 2024 National Program Invitational (NPI) Jun 6, 2024 Top Prospect Games (Invite-Only) May 28, 2024 2023 PBR Future Games Jul 26, 2023 State Games of Georgia May 27, 2023","18yr 7mo","L","L","Rawlings SE Mavs","98","76.7-79.3","84 - 85.3","88-89","2537","","",""
"166","Bryce Krenek","Bryce Krenek","https://www.prepbaseballreport.com/profiles/TX/bryce-krenek","TX","LHP","Katy Taylor HS (TX)","TX","","Katy Taylor (HS) / TX","6' 2""","220","2026","","","","","","","","Texas (9/23/24) Videos This Area is only available to Prep Baseball Plus subscribers. Login Subscribe Best of Snapshot TrackMan Pitching Pitching Velos News Comments Contact Best Of Stats Fastball 92 Velocity (max) 6/05/25 89 - 91 Velo Range 6/05/25 1983 Spin Rate (avg) 7/24/24 Changeup 77 - 80 Velo Range 1/14/24 1655 Spin Rate (avg) 1/14/24 Curveball 75 - 78 Velo Range 6/05/25 - Spin Rate (avg) Slider 77 - 80 Velo Range 6/05/25 2131 Spin Rate (avg) 7/24/24 Future Games Jul 23, 2026 National Program Invitational (NPI) Jun 5, 2025 Future Games (Class of 2026/27) Jul 24, 2024 Houston Preseason ID Jan 14, 2024","18yr 10mo","L","L","Texas Twelve","92","75-78","77-80","77-80","2103","","",""
"167","Brody Bumila","Brody Bumila","https://www.prepbaseballreport.com/profiles/MA/brody-bumila","MA","LHP","Bishop Feehan HS (MA)","MA","","Bishop Feehan (HS) / MA","6' 8""","240","2026","","","","","","","","","18yr 3mo","L","L","GBG Northeast 16U","100","79-80","80-85","88-91","2303","","",""
"168","Kaiden McCarthy","Kaiden McCarthy","https://www.prepbaseballreport.com/profiles/VT/Kaiden--McCarthy--5346892710","VT","RHP","Vermont Academy HS (VT)","VT","","Vermont Academy (HS) / VT","6' 0""","190","2026","","","","","","","","Tennessee (11/03/25) Videos This Area is only available to Prep Baseball Plus subscribers. Login Subscribe Best of Snapshot TrackMan Pitching Pitch Scores Pitching Velos News Comments Contact Best Of Stats Fastball 98 Velocity (max) 3/27/26 94 - 96 Velo Range 9/21/25 2200 Spin Rate (avg) 8/02/24 Changeup 85 - 86 Velo Range 3/27/26 1869 Spin Rate (avg) 8/02/24 Curveball 80 - 81 Velo Range 3/27/26 2062 Spin Rate (avg) 7/23/25 Slider 86 - 87 Velo Range 3/27/26 2056 Spin Rate (avg) 7/23/25 2026 New England HS Coverage (April-June) Mar 27, 2026 2025 JR. Subway Series Sep 21, 2025 Northeast Fall Invite Sep 19, 2025 Future Games (Class of 2027) Jul 23, 2025 Future Games Jul 23, 2025 2024 JR. Subway Series Oct 3, 2024 2024 East Coast Super Sophomore Games (MA Invite Only) Aug 2, 2024 2024 East Coast Super Sophomore Games (NC Invite Only) Aug 2, 2024","17yr 9mo","R","R","USA Prime/Detroit Tigers Scout 17u/All Stars Academy/Milwaukee Brewers Scout","98","80-81","86-87","85-86","2476","","",""
"169","Ethan Offing","Ethan Offing","https://www.prepbaseballreport.com/profiles/SC/Ethan-Offing-9135024786","SC","SS","Dutch Fork HS (SC)","SC","","Dutch Fork (HS) / SC","6' 1""","195","2026","6.68","108.5","83.8","85","","","24.4","(9/09/24) Videos This Area is only available to Prep Baseball Plus subscribers. Login Subscribe Best of Snapshot Physical","18yr 1mo","R","R","Dirtbags National","","","","","","","",""
"170","Ayden Deome","Ayden Deome","https://www.prepbaseballreport.com/profiles/CA/Ayden-Deome-1067253849-6378415029","CA","3B","West Park HS (CA)","CA","","West Park (HS) / CA","6' 3""","200","2026","6.95","98.6","73.9","85","","","22.5","Arizona (8/15/24) Videos This Area is only available to Prep Baseball Plus subscribers. Login Subscribe Best of Snapshot Physical","18yr 7mo","L","R","NorCal U 2026","","","","","","202","",""
"171","Will Adams","Will Adams","https://www.prepbaseballreport.com/profiles/AL/Will-Adams-3761402895","AL","OF","Hoover HS (AL)","AL","","Hoover (HS) / AL","6' 0""","202.4","2026","6.75","102.2","","5","87","","","(12/13/24) (8/21/22) Videos This Area is only available to Prep Baseball Plus subscribers. Login Subscribe Best of Snapshot","18yr 1mo","L","L","The Prospect Lab(TPL)","92","76-78","","80-81","","","",""
"172","Ryne Barker","Ryne Barker","https://www.prepbaseballreport.com/profiles/AZ/Ryne-Barker-5279436108-1482359760","AZ","SS","Casteel HS (AZ)","AZ","","Casteel (HS) / AZ","6' 1""","171.7","2026","6.46","102.9","75.9","87","","","22.8","Texas Tech (9/06/25) Videos This Area is only available to Prep Baseball Plus subscribers. Login Subscribe Best of Snapshot Physical","19yr 5mo","L","R","USA Prime Detroit Tigers Scout Team","76","","63.9 - 65.1","67.1 - 69.2","","","",""
"173","Cooper Shrum","Cooper Shrum","https://www.prepbaseballreport.com/profiles/MO/Cooper-Shrum-2641783950","MO","RHP","Belton HS (MO)","MO","","Belton (HS) / MO","6' 6""","185","2026","7.49","95.0","74.7","","","","23.9","","18yr 11mo","L","R","Royals Scout Team","94","71-76","83-85","82-83","","","",""
"174","Cashel Dugger","Cashel Dugger","https://www.prepbaseballreport.com/profiles/CO/Cashel-Dugger-5934078261","CO","C","UCLA","","","UCLA","6' 0""","180","2023","8.02","88","71.2","74","71","71","25.3","UCLA (9/05/22) Videos This Area is only available to Prep Baseball Plus subscribers. Login Subscribe Best of Snapshot","20yr 9mo","L","R","Colorado Yard Dawgs-Bates","","","","","","71","",""
"175","Jackson Natili","Jackson Natili","https://www.prepbaseballreport.com/profiles/PA/Jackson-Natili-7210398465","PA","C","Cincinnati","","","Peters Township (HS) / PA","6' 3""","210","2023","7.57","96.3","77.2","","83","83","24.0","(11/20/20) Videos This Area is only available to Prep Baseball Plus subscribers. Login Subscribe Best of Snapshot","21yr 2mo","R","R","Team All*American","90","70 - 73","77.1 - 80.1","83 - 85","","83","",""
"176","Daniel Jackson","Daniel Jackson","https://www.prepbaseballreport.com/profiles/GA/Daniel-Jackson-9073284156","GA","C","Georgia","","","North Springs (HS) / GA","6' 0""","200","2023","6.94","98","78.5","","74","74","24.4","(7/01/24) (6/01/23) Videos This Area is only available to Prep Baseball Plus subscribers. Login Subscribe Best of Snapshot","21yr 5mo","R","R","643","82","69 - 72","","","","74","",""
"177","Chase Kiker","Chase Kiker","https://www.prepbaseballreport.com/profiles/NC/Chase-Kiker-2860514793","NC","RHP","Metrolina Christian HS (NC)","NC","","Metrolina Christian Academy (HS) / NC","6' 0""","203.3","2026","7.16","105.5","87.6","92","","","24.9","(9/24/24) Videos This Area is only available to Prep Baseball Plus subscribers. Login Subscribe Best of Snapshot Physical","18yr 7mo","R","R","Dirtbags National","97","80.5-82.3","82-82","82.2-82.2","2610","","",""
"178","Dylan Bowen","Dylan Bowen","https://www.prepbaseballreport.com/profiles/IN/Dylan-Bowen-1478056392","IN","SS","Hanover Central HS (IN)","IN","","Hanover Central (HS) / IN","5' 11""","185.9","2026","6.63","101.1","78.9","93","","","23.1","Oklahoma State (11/07/24) Videos This Area is only available to Prep Baseball Plus subscribers. Login Subscribe Best of Snapshot Physical","19yr 3mo","R","R","Top Tier 15u American","89","74-76","","75-76","","","",""
"179","Kaden Powell","Kaden Powell","https://www.prepbaseballreport.com/profiles/TN/Kaden-Powell-8745130629","TN","OF","Beech HS (TN)","TN","","Beech (HS) / TN","6' 4""","250","2026","6.90","106.5","81.0","92","92","7","23.3","Kentucky (6/01/26) Videos This Area is only available to Prep Baseball Plus subscribers. Login Subscribe Best of Snapshot Physical","18yr 10mo","R","L","Rawlings SE Mad Mavericks","93","76-78","","","","7","",""
"180","Isaiah James","Isaiah James","https://www.prepbaseballreport.com/profiles/NC/Isaiah-James-3504961728","NC","LHP","South Central HS (NC)","NC","","South Central (HS) / NC","6' 5""","210","2026","9.32","72.3","","60","60","","","(7/28/25) Videos This Area is only available to Prep Baseball Plus subscribers. Login Subscribe Best of Snapshot","18yr 6mo","R","L","East Carolina Baseball Academy","90","75-77","","54-56","1936","17","",""
"181","Jason Amalbert","Jason Amalbert","https://www.prepbaseballreport.com/profiles/NJ/Jason--Amalbert--8015647239","NJ","SS/OF","DePaul HS (NJ)","NJ","","DePaul Catholic (HS) / NJ","5' 11""","184.3","2026","6.73","102.8","84.2","92","","","23.3","Oklahoma (9/15/25) Videos This Area is only available to Prep Baseball Plus subscribers. Login Subscribe Best of Snapshot Physical","18yr 9mo","R","R","Ghost Natl 26","91","73 - 77","78 - 79","81.2 - 83.1","","","",""
"182","Sean Loggie","Sean Loggie","https://www.prepbaseballreport.com/profiles/NJ/Sean-Loggie-5976803124","NJ","LHP","Christian Brothers HS (NJ)","NJ","","Christian Brothers Academy (HS) / NJ","6' 6""","190","2026","","","","","","","","","18yr 5mo","L","L","Ghost National","89","75-79","","79.3-81.1","2563","","",""
"183","Coleton Brady","Coleton Brady","https://www.prepbaseballreport.com/profiles/NY/Coleton--Brady-3916705842","NY","RHP","TNXL Academy HS (FL)","FL","","TNXL Academy (HS) / FL","6' 5""","218","2026","7.62","88.0","69.2","92","69","3","20.9","(9/06/25) Videos This Area is only available to Prep Baseball Plus subscribers. Login Subscribe Best of Snapshot Physical","17yr 7mo","R","R","Canes American 2026","95","79-83","83-85","86-90","2376","3","",""
"184","Robert Omidi","Robert Omidi","https://www.prepbaseballreport.com/profiles/ON/Robert-Omidi-0369821547","ON","3B","St. Martin HS (ON)","ON","","St. Martin (HS) / ON","6-0","180","2026","7.02","107.5","81.8","87","","","25.9","Kentucky (10/17/24) Videos This Area is only available to Prep Baseball Plus subscribers. Login Subscribe Best of Snapshot Physical","17yr 11mo","L","R","Fieldhouse Pirates","78","65 - 66","","64 - 68","","","",""
"185","Ethan Norby","Ethan Norby","https://www.prepbaseballreport.com/profiles/NC/Ethan--Norby-2089516347","NC","LHP","East Carolina","","","East Forsyth (HS) / NC","5' 10""","185","2023","","","","","","","","(6/01/23) Videos This Area is only available to Prep Baseball Plus subscribers. Login Subscribe Best of Snapshot Pitching Velos News Contact Best Of Stats Fastball 90 Velocity (max) 2/26/23 86 - 89 Velo Range 2/26/23 - Spin Rate (avg) Changeup 80 - 81 Velo Range 2/26/23 - Spin Rate (avg) Curveball 79 - 79 Velo Range 2/26/23 - Spin Rate (avg) 2022 NC High School Heat Sheet Jan 2, 2022","21yr 3mo","R","L","NCBA Golden Spikes 2023","90","79-79","","80-81","","","",""
"186","Zane Adams","Zane Adams","https://www.prepbaseballreport.com/profiles/TX/Zane-Adams-4278690153","TX","LHP","Alabama","","","Porter (HS) / TX","6' 4""","215","2023","","","","","","","","(6/01/23) Videos This Area is only available to Prep Baseball Plus subscribers. Login Subscribe Best of Snapshot Pitching Velos News Contact Best Of Stats Fastball 95 Velocity (max) 2/26/23 92 - 94 Velo Range 2/26/23 - Spin Rate (avg) Changeup 79 - 80 Velo Range 2/02/22 - Spin Rate (avg) Curveball 74 - 78 Velo Range 2/02/22 - Spin Rate (avg) Texas 2022 High School Season Pitching Leaderboard Feb 2, 2022","","","","Banditos Scout","95","74-78","","79-80","","","",""
"187","Ryan Marohn","Ryan Marohn","https://www.prepbaseballreport.com/profiles/VA/Ryan-Marohn-2867514093","VA","LHP","NC State","","","North Carolina State","6' 3""","190","2023","","","","","","","","","21yr 2mo","L","L","Stars","94","73-75","82-84","83-85","2301","","",""
"188","Deacon Nelson","Deacon Nelson","https://www.prepbaseballreport.com/profiles/OH/Deacon-Nelson-7234506891","OH","SS","University School HS (OH)","OH","","University School (HS) / OH","5' 11""","187.6","2026","6.56","101.7","76.0","92","","","24.1","(7/02/25) Videos This Area is only available to Prep Baseball Plus subscribers. Login Subscribe Best of Snapshot Physical","18yr 9mo","L","R","Artillery Baseball","84","72 - 75","","72 - 75","","","",""
"189","AJ Rice","AJ Rice","https://www.prepbaseballreport.com/profiles/GA/aj-rice-0735192864","GA","RHP","Pickens County HS (GA)","GA","","Pickens (HS) / GA","6' 0""","170","2026","7.21","93.5","72.6","90","","","22.6","(10/07/24) Videos This Area is only available to Prep Baseball Plus subscribers. Login Subscribe Best of Snapshot Physical","18yr 7mo","R","R","Georgia Jackets","94","78-80","81-83","83-84","2448","","",""
"190","Ethan Wachsmann","Ethan Wachsmann","https://www.prepbaseballreport.com/profiles/CO/Ethan-Wachsmann-6819742035","CO","RHP","Grandview HS (CO)","CO","","Grandview (HS) / CO","6' 4""","200","2026","7.40","86.8","79.6","84","84","","23.2","Wake Forest (10/13/24) Videos This Area is only available to Prep Baseball Plus subscribers. Login Subscribe Best of Snapshot Physical","17yr 11mo","R","R","Rogue 18","100","74-78","76-78","78.1-80.4","2658","","",""
"191","Tyler Putnam","Tyler Putnam","https://www.prepbaseballreport.com/profiles/MO/Tyler-Putnam-4087239516","MO","RHP","Battle HS (MO)","MO","","Battle (HS) / MO","6' 5""","195","2026","7.14","100.7","79.6","87","","","25.4","Tennessee (10/29/24) Videos This Area is only available to Prep Baseball Plus subscribers. Login Subscribe Best of Snapshot Physical","","","","US Nationals","96","79-80","76-82","82-86","2501","202","",""
"192","Cy Chrisman","Cy Chrisman","https://www.prepbaseballreport.com/profiles/FL/Cy-Chrisman-6438201759","FL","1B","IMG Academy HS (FL)","FL","","IMG Academy (HS) / FL","6' 4""","215","2026","6.97","106.1","89.9","81","","","27.5","Oklahoma State (10/29/24) Videos This Area is only available to Prep Baseball Plus subscribers. Login Subscribe Best of Snapshot Physical","19yr 1mo","R","R","San Diego Padres Scout Team","","","","","","202","",""
"193","Deion Cole","Deion Cole","https://www.prepbaseballreport.com/profiles/GA/Amanda-Cole-5806294731","GA","OF","Etowah HS (GA)","GA","","Etowah (HS) / GA","6' 0""","194.4","2026","6.91","98.1","77.0","81","85","","24.7","(11/18/24) Videos This Area is only available to Prep Baseball Plus subscribers. Login Subscribe Best of Snapshot Physical","18yr 5mo","R","R","Smartense","","","","","","","",""
"194","Martin Shelar","Martin Shelar","https://www.prepbaseballreport.com/profiles/GA/Martin-Shelar-8092574631","GA","OF","Marist HS (GA)","GA","","Marist (HS) / GA","6' 1""","201","2026","6.61","106.2","79.7","7","93","11","26.2","(11/01/24) Videos This Area is only available to Prep Baseball Plus subscribers. Login Subscribe Best of Snapshot Physical","18yr 9mo","R","R","East Cobb Astros","88.3","68-68","71-74","74-76","2394","11","",""
"195","Braylen Montgomery","Braylen Montgomery","https://www.prepbaseballreport.com/profiles/LA/Braylen--Montgomery--6452018379","LA","OF","Walker HS (LA)","LA","","Walker (HS) / LA","6' 3""","217.5","2026","6.55","107.3","80.4","94","94","","24.7","Oklahoma (11/16/24) Videos This Area is only available to Prep Baseball Plus subscribers. Login Subscribe Best of Snapshot Physical","18yr 7mo","R","R","USA Prime National Detroit Tigers","86","66 - 67","","","","","",""
"196","Ricky Ojeda","Ricky Ojeda","https://www.prepbaseballreport.com/profiles/CA/Ricky-Ojeda-1208734596","CA","LHP","UC Irvine","","","Valencia (HS) / CA","5' 11""","155","2023","","","","","","","","","20yr 7mo","L","L","Playa Vista Orioles National","","","","","","","",""
"197","Trey Beard","Trey Beard","https://www.prepbaseballreport.com/profiles/FL/Trey-Beard-4352608179-1069387425","FL","LHP","Florida State","","","Florida State","6' 3""","180","2023","","","","","","","","","","","","Florida Burn","91","71-72","80-81","74-77","","","",""
"198","Alex Weingartner","Alex Weingartner","https://www.prepbaseballreport.com/profiles/NJ/Alex-Weingartner-8941370652","NJ","OF","St. Augustine Prep HS (NJ)","NJ","","St. Augustine Prep (HS) / NJ","6' 0""","196.9","2026","6.24","107.5","82.2","10","100","","24.9","(11/24/24) Videos This Area is only available to Prep Baseball Plus subscribers. Login Subscribe Best of Snapshot Physical","18yr 5mo","R","R","9ers Baseball","94","75-77","79-83","85-85","2469","","",""
"199","Luke Williams","Luke Williams","https://www.prepbaseballreport.com/profiles/PA/Luke-Williams-8253061497","PA","OF/SS","Franklin Regional HS (PA)","PA","","Franklin Regional (HS) / PA","5' 11""","175","2026","6.48","105.0","79.0","96","100","","24.0","Vanderbilt (6/27/25) Videos This Area is only available to Prep Baseball Plus subscribers. Login Subscribe Best of Snapshot Physical","18yr 5mo","R","R","USA Prime National / Detroit Tigers Scout","","","","","","","",""
"200","Mulivai Levu","Mulivai Levu","https://www.prepbaseballreport.com/profiles/CA/Mulivai--Levu-1724390568-7463509218","CA","1B","UCLA","","","UCLA","6' 0""","210","2023","7.59","104.0","78.7","85","90","","25.1","UCLA (3/01/24) Videos This Area is only available to Prep Baseball Plus subscribers. Login Subscribe Best of Snapshot","","","","CBA bears & wow factor","88.3","","73.1 - 74.6","","","","",""
